S/N,Companies,Annual Report,ESG Risk Score,ESG Risk Rating,Additional Notes
1,"17 Education & Technology Group, Inc",,27,Medium ESG Risk,
2,24SevenOffice Group,https://mb.cision.com/Main/16552/3327450/1402938.pdf,24.6,Medium ESG Risk,
3,2CRSI SA,,24.2,Medium ESG Risk,
4,"2U, Inc",https://s26.q4cdn.com/441000616/files/doc_financials/2020/ar/2U-2020-ESG-Report-FINAL.pdf,19.8,Low ESG Risk,
5,"360 Security Technology, Inc.",,19.5,Low ESG Risk,
6,A Holdings Corp.,,26.9,Medium ESG Risk,
7,A10 Networks Inc,,24.2,Medium ESG Risk,
8,Absolute Software Corp,https://www.absolute.com/media/5595/abt-esg-statement.pdf,24.1,Medium ESG Risk,
9,Accenture,https://www.accenture.com/_acnmedia/PDF-155/Accenture-India-A4-CCReportFY20-v1-9.pdf,9.7,Negligible ESG Risk,
10,"Accolade, Inc.",,25.4,Medium ESG Risk,
11,"ACI Worldwide, Inc",https://www.aciworldwide.com/wp-content/uploads/2021/04/ACI-SustainabilityReport.pdf,20.8,Medium ESG Risk,
12,"Activision Blizzard, Inc",https://ourcommitments.activisionblizzard.com/content/dam/atvi/activisionblizzard/ab-touchui/our-commitments/FC_Activision_ESG_Report_2020_V27.pdf,19.2,Low ESG Risk,
13,"Actoz Soft Co., Ltd.",,21,Medium ESG Risk,
14,ad pepper media International NV,,29.9,Medium ESG Risk,
15,Addcn Technology Co Ltd,,26.2,Medium ESG Risk,
16,Addnode Group AB,,24.7,Medium ESG Risk,
17,adesso,https://www.adesso-group.de/adesso-group-de/investor-relations/veroeffentlichungen/finanzberichte/2020/adesso-annual-report-2020-en.pdf,25.2,Medium ESG Risk,
18,Adevinta ASA,,22.1,Medium ESG Risk,
19,Admicom Oyj,,25.4,Medium ESG Risk,
20,"Adobe, Inc",https://www.adobe.com/content/dam/cc/en/corporate-responsibility/pdfs/Adobe-CSR-Report-2020.pdf,10.8,Low ESG Risk,
21,Adyen,https://www.adyen.com/investor-relations/annual-report-2020,17.5,Low ESG Risk,
22,"Affirm Holdings, Inc",https://investors.affirm.com/static-files/6d33b92f-9cc3-4c7b-a7d1-9bda901824a9,23.9,Medium ESG Risk,
23,Affle Holdings Pte Ltd.,,19.6,Low ESG Risk,
24,"AfreecaTV Co., Ltd.",,27.6,Medium ESG Risk,
25,Afterpay Ltd,https://afterpay-corporate.yourcreative.com.au/wp-content/uploads/2021/08/APT-FY21-Annual-Report.pdf,19.7,Low ESG Risk,
26,Agile Content SA,,29.4,Medium ESG Risk,
27,"Agora, Inc. (China)",,24.4,Medium ESG Risk,
28,"AhnLab, Inc.",,26.1,Medium ESG Risk,
29,"AI inside, Inc.",,25.1,Medium ESG Risk,
30,"Airbnb, Inc.",,25.3,Medium ESG Risk,
31,Airtificial Intelligence Structures SA,,22.5,Medium ESG Risk,
32,Akamai Technologies Inc,https://www.akamai.com/resources/research-paper/akamai-sustainability-report-2021,19.9,Low ESG Risk,
33,Akatsuki Inc,,21.8,Medium ESG Risk,
34,Al Moammar Information Systems Co.,,28.4,Medium ESG Risk,
35,"Alarm.Com Holdings, Inc.",,27.1,Medium ESG Risk,
36,Alibaba Group Holding Ltd,http://csr.alibaba.com/Uploads/file/20181120/5bf385982121c.pdf,28.2,Medium ESG Risk,
37,"Alight, Inc",https://api.alight-energy.com/app//uploads/Alight-Sustainability-Report-2019.pdf,23,Medium ESG Risk,
38,"Alkami Technology, Inc.",,19.8,Low ESG Risk,
39,All For One Group AG,,23.8,Medium ESG Risk,
40,Allegro.eu SA,,22.5,Medium ESG Risk,
41,Allgeier SE,,24.5,Medium ESG Risk,
42,Alliance Data Systems Corp,https://s23.q4cdn.com/525801907/files/doc_downloads/2021/06/ADS-2020-ESG-Performance-Report.pdf,17.9,Low ESG Risk,
43,AlmavivA The Italian Innovation Company SpA,,21.8,Medium ESG Risk,
44,Alpha Systems Inc,https://links.sgx.com/FileOpen/Sustainability%20Report%20FY2019.ashx?App=Announcement&FileID=634366,22.4,Medium ESG Risk,
45,Alphabet Inc,,24.3,Medium ESG Risk,
46,"Altair Engineering, Inc.",,20.4,Medium ESG Risk,
47,Alten SA,,17.5,Low ESG Risk,
48,"Alteryx, Inc.",,26.4,Medium ESG Risk,
49,"Altia Consultores, S.A.",,23.3,Medium ESG Risk,
50,Altium Ltd.,,17.6,Low ESG Risk,
51,Amadeus IT Group,https://corporate.amadeus.com/documents/en/resources/corporate-information/corporate-documents/global-reports/2020/5-social-responsibility.pdf,15.2,Low ESG Risk,
52,Amaggi Luxembourg International SARL,https://www.amaggi.com.br/wp-content/uploads/2021/08/Amaggi_RS2020_EN.pdf,22.1,Medium ESG Risk,
53,Amdocs Ltd,https://www.amdocs.com/sites/default/files/2021-12/Amdocs-CSR-Report-Dec21.pdf,14,Low ESG Risk,
54,American Software Inc,,23.5,Medium ESG Risk,
55,American Well Corp.,,27.3,Medium ESG Risk,
56,"Anaplan, Inc.",,20.1,Medium ESG Risk,
57,Andes Technology Corp,http://www.andestech.com/wp-content/uploads/108%E5%B9%B4%E5%A0%B1-V2-0610-final%E5%90%ABFR.pdf,24.8,Medium ESG Risk,
58,"Angi, Inc.",,32.4,High ESG Risk,
59,Ansys Inc,https://s24.q4cdn.com/308583981/files/doc_downloads/crr/2021/2020-Ansys-Corporate-Responsibility-Report.pdf,13.2,Low ESG Risk,
60,Appen Ltd,https://resources.appen.com/wp-content/uploads/2021/02/Appen-2020-Annual-Report.pdf,16.6,Low ESG Risk,
61,"AppFolio, Inc.",,24.7,Medium ESG Risk,
62,Appian Corp.,,22.1,Medium ESG Risk,
63,Aptitude Software Group,https://www.aptitudesoftware.com/wp-content/uploads/Annual-Report-2020.pdf,21.9,Medium ESG Risk,
64,"Arches Buyer, Inc.",,26.1,Medium ESG Risk,
65,"Archosaur Games, Inc.",,26.9,Medium ESG Risk,
66,Arco Platform Ltd,https://api.mziq.com/mzfilemanager/v2/d/c20feaed-44d2-4c19-ac46-d1d9426b68eb/a0ad4c68-7d26-3b59-06a3-dde0b3e3a292?origin=2,27.2,Medium ESG Risk,
67,"ARGO GRAPHICS, Inc.",,24.7,Medium ESG Risk,
68,"Asana, Inc.",,19.9,Low ESG Risk,
69,AsiaInfo Technologies Ltd,https://doc.irasia.com/listco/hk/asiainfo/annual/2019/ar2019.pdf,23.3,Medium ESG Risk,
70,Aspen Technology Inc,https://www.aspentech.com/en/about-aspentech/environmental-social-and-governance-report,22.3,Medium ESG Risk,
71,Aspire Global,https://www.aspireglobal.com/wp-content/uploads/2021/04/Aspire-Global_SR_2020.pdf,22.9,Medium ESG Risk,
72,Asseco Poland S.A.,,27.3,Medium ESG Risk,
73,Asseco South Eastern Europe SA,,27,Medium ESG Risk,
74,Atea,https://www.atea.com/media/2873/atea-sustainability-report-2021.pdf,19.2,Low ESG Risk,
75,Athena BidCo GmbH,,24.3,Medium ESG Risk,
76,Atlassian Corp,https://www.atlassian.com/company/corporate-social-responsibility/report,19,Low ESG Risk,
77,Atos,https://atos.net/content/investors-documents/ir-2020/atos-integrated-report-2020-en.pdf,10.2,Low ESG Risk,
78,ATOSS Software AG,,22.4,Medium ESG Risk,
79,Aubay SA,,22.4,Medium ESG Risk,
80,Audinate Group Ltd,https://investor.audinate.com/FormBuilder/_Resource/_module/U31UphySGkWm4tEdvC_Xbw/file/AD8-2020-Annual-Report.pdf,25,Medium ESG Risk,
81,Auto Trader Group PLC,,20.8,Medium ESG Risk,
82,Autodesk Inc,https://plc.autotrader.co.uk/media/2269/aut-ar2021-web.pdf,15.5,Low ESG Risk,
83,AutoForm Engineering GmbH,,23.3,Medium ESG Risk,
84,Autohome Inc.,,24,Medium ESG Risk,
85,Automatic Data Processing Inc,https://sustainability.adp.com/,14.2,Low ESG Risk,
86,"Avalara, Inc.",,22.6,Medium ESG Risk,
87,Avaloq Group,https://www.avaloq.com/documents/20143/83553/Avaloq+CSR+report+2019.pdf,14.1,Low ESG Risk,
88,Avast,https://investors.avast.com/media/1902/avast-plc-fy-results-24-feb-final.pdf,16.3,Low ESG Risk,
89,Avega Group AB,,15.2,Low ESG Risk,
90,AVEVA Group,https://www.aveva.com/content/dam/aveva/documents/reports/AVEVA-Sustainability-Report-2021.pdf.coredownload.inline.pdf,17.2,Low ESG Risk,
91,Axway Software,https://investors.axway.com/sites/default/files/2021/AXWAY_2020_COP_UN_Global_compact_09072021_VE_0.pdf,21.9,Medium ESG Risk,
92,Azeus Systems Holdings Ltd,https://www.azeus.com/wp-content/uploads/2020/08/Azeus_SR20_310820.pdf,23.6,Medium ESG Risk,
93,B3 Consulting Group AB,,24.7,Medium ESG Risk,
94,"Baidu, Inc.",,20.7,Medium ESG Risk,
95,BAIOO Family Interactive Ltd,http://www.baitianinfo.com/uploadFile/2021042201854.pdf,18.6,Low ESG Risk,
96,Bambuser AB,,25.2,Medium ESG Risk,
97,BANDAI NAMCO Holdings Inc,https://www.bandainamco.co.jp/cgi-bin/releases/index.cgi/file/view/10440?entry_id=7253,17.5,Low ESG Risk,
98,"Bandwidth, Inc",https://investors.bandwidth.com/static-files/8d5201da-8846-4db5-a9b2-4ff8b2530972,23.6,Medium ESG Risk,
99,Baozun Inc,https://baozuninc.gcs-web.com/static-files/4361cd67-2f7c-4e59-865a-5839070ca71c,24,Medium ESG Risk,
100,"BASE, Inc. (Japan)",,26.3,Medium ESG Risk,
101,Basware,https://investors.basware.com/~/media/Files/B/Basware-IR-V3/documents/en/reports/2021/annual-report-2020.pdf,22.3,Medium ESG Risk,
102,"Be Think, Solve, Execute S.p.A",,21.1,Medium ESG Risk,
103,Bechtle,https://www.bechtle.com/dam/jcr:8b2751e9-aeaa-42fe-889b-fbc6d74aa480/bechtle-sustainability-report-2021-en.pdf,16.2,Low ESG Risk,
104,"Beijing E-hualu Information Technology Co., Ltd.",,27.2,Medium ESG Risk,
105,"Beijing Jetsen Technology Co., Ltd.",,31,High ESG Risk,
106,"Beijing Shiji Information Technology Co., Ltd. 
SHE:002153",,22.3,Medium ESG Risk,
107,"Beijing Sinnet Technology Co., Ltd.",,28.8,Medium ESG Risk,
108,Beijing Thunisoft Corp. Ltd.,,25.4,Medium ESG Risk,
109,"Beijing Ultrapower Software Co., Ltd.",,29.5,Medium ESG Risk,
110,"Beijing United Information Technology Co., Lt",,26.6,Medium ESG Risk,
111,"Benefitfocus, Inc",https://www.benefitfocus.com/sites/default/files/2021-03/Benefitfocus-Sustainability-Report.pdf,30.1,High ESG Risk,
112,Bengo4.com Inc,,28.6,Medium ESG Risk,
113,"Bentley Systems, Inc.",,16.3,Low ESG Risk,
114,Beta Systems Software AG,,25.1,Medium ESG Risk,
115,Better Collective,https://bettercollective.com/wp-content/uploads/2021/03/Sustainability_report_2020.pdf,20.8,Medium ESG Risk,
116,"BigCommerce Holdings, Inc.",,22.1,Medium ESG Risk,
117,"Bilibili, Inc",https://ir.bilibili.com/system/files-encrypted/nasdaq_kms/assets/2021/07/29/1-59-22/Bilibili%202020%20Environmental%2C%20Social%20and%20Governance%20Report.pdf,30.7,High ESG Risk,
118,"Bill.com Holdings, Inc.",,24.6,Medium ESG Risk,
119,BIMobject,https://investors.bimobject.com/media/2lhnolk1/bimobject-annual-report-2020-web.pdf,28.2,Medium ESG Risk,
120,Birlasoft Ltd,https://www.birlasoft.com/sites/default/files/resources/downloads/investors/annual-corporate-sustainability-report-2020-21.pdf,20.6,Medium ESG Risk,
121,Bittium,https://mb.cision.com/Public/13623/3310704/a94fc14d807c2dfc.pdf,24.2,Medium ESG Risk,
122,Bittnet Systems SA,,28.3,Medium ESG Risk,
123,"Black Knight, Inc",https://www.blackknightinc.com/wp-content/uploads/2020/04/2019_Sustainability_Report.pdf,18,Low ESG Risk,
124,"Blackbaud, Inc",https://www.blackbaud.com/docs/default-source/default-document-library/2020-social-responsibility-report.pdf,18.5,Low ESG Risk,
125,BlackBerry Ltd,https://www.blackberry.com/content/dam/bbCompany/Desktop/Global/PDF/corporate-responsibility/corporate-responsibility-report-fy15-fy16.pdf,14,Low ESG Risk,
126,"Blackboard, Inc.",,21.4,Medium ESG Risk,
127,"BlackLine, Inc",https://www.blacklinesafety.com/hubfs/Website/Blackline%20Safety_%202021%20ESG%20Report.pdf?hsLang=en,22.7,Medium ESG Risk,
128,"Block, Inc",https://investors.hrblock.com/static-files/1022df11-0afd-4682-8799-e816addd0263,18.8,Low ESG Risk,
129,"Blucora, Inc.",,27.4,Medium ESG Risk,
130,Blue Prism Group,https://investors.blueprism.com/sites/blueprism-ir-v2/files/Annual%20Report/annual-report-2021.pdf,26.9,Medium ESG Risk,
131,"Blue Yonder Group, Inc.",,16.6,Low ESG Risk,
132,"BMC Software, Inc",https://www.bmcfond.dk/media/1951/bmc-sustainability-report-2018.pdf,9.9,Neligible ESG Risk,
133,Bmit Technologies,https://www.bmit.com.mt/wp-content/uploads/2021/05/Annual-Report-2020-web.pdf,23.7,Medium ESG Risk,
134,Booking Holdings Inc,https://www.bookingholdings.com/wp-content/uploads/2021/03/BKNG-Sustainability-Report-2020-.pdf,22.3,Medium ESG Risk,
135,Booz Allen Hamilton Holding Corp,https://www.boozallen.com/content/dam/home/docs/corp/esg/2021-impact-report.pdf,16.5,Low ESG Risk,
136,"Bottomline Technologies, Inc.",,21,Medium ESG Risk,
137,Bouvet,https://cdn.vev.design/private/hNjwDIts16ZNNuwMVdzd56NnMyz1/SDIAlk8XM2_Sustainability%20report_Bouvet_2020.pdf.pdf,20.4,Medium ESG Risk,
138,Box Inc,,27.4,Medium ESG Risk,
139,BrainChip Holdings Ltd,https://brainchipinc.com/wp-content/uploads/2021/04/BrainChip-Annual-Report-FY20.pdf,22.1,Medium ESG Risk,
140,Bravura Solutions Ltd,https://investors.bravurasolutions.com/FormBuilder/_Resource/_module/Cf_B6PmQfU2OEdtNStxY6g/docs/reports/Bravura-Solutions-Limited-Annual-Report-2020.pdf,17.2,Low ESG Risk,
141,Brightcove Inc,,29.7,Medium ESG Risk,
142,"Broadleaf Co., Ltd.",,19.8,Low ESG Risk,
143,Broadridge Financial Solutions Inc,,16.5,Low ESG Risk,
144,"BTRS Holdings, Inc",https://www.td-holdings.co.jp/en/csr/report/pdf/digest/Sustainabilityreport2021.pdf,21.9,Medium ESG Risk,
145,"Bumble, Inc.",,21.4,Medium ESG Risk,
146,"Bushiroad, Inc.",,25,Medium ESG Risk,
147,Business-Intelligence of Oriental Nations Corp. Ltd.,,28.5,Medium ESG Risk,
148,Bytes Technology Group,https://www.bytesplc.com/application/files/7716/2383/3888/Annual_Report_and_Accounts_2021.pdf,18.5,Low ESG Risk,
149,"C3.ai, Inc.",,21.6,Medium ESG Risk,
150,CACI International Inc,,18.1,Low ESG Risk,
151,Cadence Design Systems Inc,https://issuu.com/cdns/docs/cadence_2020_sustainability_report,13.1,Low ESG Risk,
152,Cafe24 Corp.,,27,Medium ESG Risk,
153,CANCOM SE,,15.9,Low ESG Risk,
154,"Cango, Inc. (Cayman island)",,25.8,Medium ESG Risk,
155,Capcom Co. Ltd.,,18.9,Low ESG Risk,
156,Capgemini SE,,10.1,Low ESG Risk,
157,Carasent ASA,,26,Medium ESG Risk,
158,"Cardlytics, Inc.",,30.1,High ESG Risk,
159,Cardtronics PLC,,22.2,Medium ESG Risk,
160,Cars Inc,https://www.nissan-global.com/EN/DOCUMENT/PDF/SR/2019/SR19_E_All.pdf,24.7,Medium ESG Risk,
161,Carsales Ltd,https://shareholder.carsales.com.au/wp-content/uploads/2021/08/FY21-Sustainability-Report.pdf,19.2,Low ESG Risk,
162,"Cass Information Systems, Inc",https://cassinfo.gcs-web.com/static-files/b4eea764-ffb9-4106-ba51-685fb8fbb7a4,22.3,Medium ESG Risk,
163,Catena Media,https://www.catenamedia.com/wp-content/uploads/2019/04/ENG_AR_Catena_Media_2018_Sustainability_Report.pdf,24.7,Medium ESG Risk,
164,cBrain,https://static1.squarespace.com/static/5e41470f244c110e4df60af7/t/6038b39d29f3e8586a23918c/1624025107138/cBrain-CSR-2020.pdf,21.2,Medium ESG Risk,
165,CD Projekt S.A.,,14.5,Low ESG Risk,
166,CDK Global Inc,,20.7,Medium ESG Risk,
167,Cegid Group SA,,22.4,Medium ESG Risk,
168,CENIT AG,,22.9,Medium ESG Risk,
169,"Cerence, Inc.",,21.3,Medium ESG Risk,
170,"Ceridian HCM Holding, Inc",https://www.ceridian.com/Ceridian/media/Files/resources/Ceridian-ESG-Report-2021.pdf,20.9,Medium ESG Risk,
171,"CGI, Inc",https://www.cgi.com/sites/default/files/2022-02/cgi-2021-csr-report.pdf,17,Low ESG Risk,
172,"Change Healthcare, Inc.",,18.4,Low ESG Risk,
173,"Change, Inc. (Japan)",,26,Medium ESG Risk,
174,Chanjet Information Technology Co Ltd,https://www1.hkexnews.hk/listedco/listconews/sehk/2021/0419/2021041900602.pdf,27.4,Medium ESG Risk,
175,ChannelAdvisor Corp,https://www.annualreports.com/HostedData/AnnualReports/PDF/NYSE_ECOM_2020.pdf,26.8,Medium ESG Risk,
176,Chatwork Co,https://csrworks.com/wp-content/uploads/2019/12/SR-LAB_2017.pdf,27,Medium ESG Risk,
177,Check Point Software Technologies Ltd,,20.4,Medium ESG Risk,
178,"Chengdu Westone Information Industry, Inc.",,27.4,Medium ESG Risk,
179,Cheops Technology SA,,29,Medium ESG Risk,
180,China Development Bank Financial Leasing Co,http://www.cdb.com.cn/English/shzr/kcxfzbg/shzr_2020/202108/P020210813601547014560.pdf,26.9,Medium ESG Risk,
181,"China National Software & Service Co., Ltd.",,20.8,Medium ESG Risk,
182,China Online Education Group,,25.6,Medium ESG Risk,
183,China TransInfo Technology Co,https://pdf.dfcfw.com/pdf/H2_AN202107231505600308_1.pdf?1627057962000.pdf,26.1,Medium ESG Risk,
184,Chinasoft International Ltd.,,27.4,Medium ESG Risk,
185,Cielo,https://cielosustentabilidade.com.br/wp-content/uploads/2020/08/CIELO_RS2019_ACESSIVEL_investidores_EN_D2.pdf,17.5,Low ESG Risk,
186,Cision Ltd,https://mb.cision.com/Public/1083/2786947/b91d83c3da9025a4.pdf,22.6,Medium ESG Risk,
187,Citrix Systems Inc,https://www.citrix.com/content/dam/citrix/en_us/documents/about/sustainability-report.pdf,14.6,Low ESG Risk,
188,Claranova SE,,22.7,Medium ESG Risk,
189,Clavister Holding,https://www.clavister.com/wp-content/uploads/2020/08/Clavister-Holding-AB-Annual-Report-2019.pdf,29.3,Medium ESG Risk,
190,"Cleanspark, Inc.",,23.9,Medium ESG Risk,
191,Cliq Digital AG,,30.2,High ESG Risk,
192,"Cloudera, Inc",https://s22.q4cdn.com/194265214/files/doc_presentations/2020/12/Cloudera-Corporate-Overview-(3Q21).pdf,27,Medium ESG Risk,
193,"Cloudflare, Inc",https://cf-assets.www.cloudflare.com/slt3lc6tev37/1vmmNMaaktXDk5iHxxDdCj/ebe40635588eaafa15ab89944ff9a36b/Cloudflare_Impact_Report_2021.pdf,23,Medium ESG Risk,
194,CM.com NV,,24.6,Medium ESG Risk,
195,CMGE Technology Group Ltd,https://www.cmge.com/uploads/pdf/20200422/1587545537_2084393204.pdf,24.2,Medium ESG Risk,
196,Coforge Ltd,https://www.coforge.com/sites/default/files/inline-files/CSR%20Policy-upload.pdf,19.3,Low ESG Risk,
197,Cognizant Technology Solutions Corp,https://www.cognizant.com/Resources/2020-cognizant-esg-report.pdf,17.5,Low ESG Risk,
198,Cognyte Software Ltd.,,21.8,Medium ESG Risk,
199,COLOPL Inc,,26.7,Medium ESG Risk,
200,Columbus AS,,23,Medium ESG Risk,
201,Com2uS Corp.KRX:078340,,22.5,Medium ESG Risk,
202,Com2uS Holdings Corp.KRX:063080,,23,Medium ESG Risk,
203,Comarch,https://www.comarch.com/files-com/file_578/Non_Financial_Data_Statement_for_2020.pdf,21.7,Medium ESG Risk,
204,CommVault Systems,https://www.corporateregister.com/a10723/152123-21Co-41225333X30789695200G-Gl.pdf,19,Low ESG Risk,
205,Computacenter,https://www.corporateregister.com/a10723/145636-21Co-32039920X4374614168B-Gl.pdf,17.7,Low ESG Risk,
206,Computer Direct Group LtdTAE:CMDR,,28.7,Medium ESG Risk,
207,Computer Engineering & Consulting Ltd.TKS:9692,,21.4,Medium ESG Risk,
208,Computer Modelling Group Ltd.TSE:CMG,,21.7,Medium ESG Risk,
209,Computershare,https://www.computershare.com/News/2021_CPU_Annual_Report.pdf,21.4,Medium ESG Risk,
210,"comScore, Inc.NAS:SCOR",,32.1,High ESG Risk,
211,Comture Corp.TKS:3844,,27.1,Medium ESG Risk,
212,Conduent,https://www.google.com/url?sa=t&rct=j&q=&esrc=s&source=web&cd=&cad=rja&uact=8&ved=2ahUKEwiB76zG5dj2AhUSiuYKHaY6DwsQFnoECA0QAQ&url=https%3A%2F%2Fdownloads.conduent.com%2Fcontent%2Fusa%2Fen%2Fdocument%2FCSR-Report-2020.pdf&usg=AOvVaw1yRkZZXpqQm_Fe8xQS2TCh,22.4,Medium ESG Risk,
213,"Confluent, Inc.NAS:CFLT",,20.9,Medium ESG Risk,
214,Consort NTPAR:MLCNT,,25.6,Medium ESG Risk,
215,"Constant Contact, Inc.-",,28.7,Medium ESG Risk,
216,Constellation Software IncTSE:CSU,,24,Medium ESG Risk,
217,Converge Technology Solutions Corp.TSE:CTS,,26.6,Medium ESG Risk,
218,"Convey Health Solutions Holdings, Inc.NYS:CNVY",,27.2,Medium ESG Risk,
219,CoreLogic Inc,https://www.corporateregister.com/a10723/143989-20Co-34557360L6096494260F-US.pdf,21.6,Medium ESG Risk,
220,"Cornerstone OnDemand, Inc.-",,22.1,Medium ESG Risk,
221,"Corsair Gaming, Inc.NAS:CRSR",,22.7,Medium ESG Risk,
222,"CoStar Group, Inc",https://www.corporateregister.com/a10723/162586-22Su-35443748H1929570648E-Gl.pdf,26.7,Medium ESG Risk,
223,"Couchbase, Inc.NAS:BASE",,22.2,Medium ESG Risk,
224,"Coupa Software, Inc",https://www.corporateregister.com/a10723/151909-21SG-30685618N45002737432K-Gl.pdf,19.2,Low ESG Risk,
225,"Coursera, Inc",https://www.google.com/url?sa=t&rct=j&q=&esrc=s&source=web&cd=&cad=rja&uact=8&ved=2ahUKEwjn7qrp_dj2AhWJzDgGHcRIAFkQFnoECAUQAQ&url=https%3A%2F%2Fabout.coursera.org%2Fpress%2Fwp-content%2Fuploads%2F2020%2F09%2FCoursera-Impact-Report-2020.pdf&usg=AOvVaw03jFsFcWZr7bhjrRRP7iaB,25.6,Medium ESG Risk,
226,Crayon Group Holding,https://www.google.com/url?sa=t&rct=j&q=&esrc=s&source=web&cd=&ved=2ahUKEwiyktba_9j2AhXrwTgGHUVRB3EQFnoECA8QAQ&url=https%3A%2F%2Fwww.crayon.com%2Fglobalassets%2Fglobal%2Finvestor-relations%2Freports-and-presentations%2Fcrayon-group---annual-report-2020.pdf%3F&usg=AOvVaw1u5QqFxLdGGUYjJeiIhZEz,19.7,Low ESG Risk,
227,Criteo,https://www.corporateregister.com/a10723/152856-21on-38519712Q10117844352G-Gl.pdf,16.2,Low ESG Risk,
228,"CrowdStrike Holdings, Inc.NAS:CRWD",,17.8,Low ESG Risk,
229,"CS Disco, Inc.NYS:LAW",,24.7,Medium ESG Risk,
230,CSAM Health Group,https://newsweb.oslobors.no/obsvc/attachment.obsvc?messageId=530978&attachmentId=215845&obsvc.item=1,25.4,Medium ESG Risk,
231,CSG Systems International IncNAS:CSGS,,22.4,Medium ESG Risk,
232,CWT International Ltd,https://www.corporateregister.com/a10723/152264-21SG-35629776N28624413888N-Ch.pdf,26.7,Medium ESG Risk,
233,CY4Gate SpAMIL:CY4,,28,Medium ESG Risk,
234,CyberArk Software Ltd,https://content.cdntwrk.com/files/aT0xNDM5MDU1JnY9MSZpc3N1ZU5hbWU9ZW52aXJvbm1lbnRhbC1zb2NpYWwtZ292ZXJuYW5jZS1lc2ctcmVwb3J0JmNtZD1kJnNpZz02Y2MwZjA2NjVlMTE5NzJiNGNiMDViZWZiZDgzOGUzZg%253D%253D,16.3,Low ESG Risk,
235,Cybozu IncTKS:4776,,24.3,Medium ESG Risk,
236,Cyient Ltd,https://www.corporateregister.com/a10723/151639-21Su-33815497Y6044027262Q-Gl.pdf,19.9,Low ESG Risk,
237,D-MARKET Elektronik Hizmetler ve Ticaret ASNAS:HEPS,,28.7,Medium ESG Risk,
238,Dada Nexus Ltd.NAS:DADA,,28.1,Medium ESG Risk,
239,"DAEA TI Co., Ltd.KRX:045390",,27.5,Medium ESG Risk,
240,Daou Technology IncKRX:023590,,26.2,Medium ESG Risk,
241,Dassault Systems,https://www.corporateregister.com/a10723/145383-21nn-37218048I21759037461M-Gl.pdf,17,Low ESG Risk,
242,Data Respons,https://www.corporateregister.com/a10723/156941-21SG-35311725R7962558576N-Eu.pdf,22.8,Medium ESG Risk,
243,Data#3 Ltd,https://www.google.com/url?sa=t&rct=j&q=&esrc=s&source=web&cd=&ved=2ahUKEwj08fu-odn2AhWgTmwGHVgVCJcQFnoECAYQAQ&url=https%3A%2F%2Fwww.data3.com%2Fwp-content%2Fuploads%2F2021%2F09%2FSustainability-Report-2021-FINAL.pdf&usg=AOvVaw093fqxennkstzOpIV2NmRf,21.6,Medium ESG Risk,
244,"Datadog, Inc.NAS:DDOG",,21.4,Medium ESG Risk,
245,Datagroup,https://www.corporateregister.com/a10723/135685-20SG-33514195H18804991205Q-Ge.pdf,27.7,Medium ESG Risk,
246,Datamatics Global Services Ltd,https://www.datamatics.com/hubfs/CSR%20Brochure%202020-2021.pdf,21,Medium ESG Risk,
247,DataWalk SAWAR:DAT,,28,Medium ESG Risk,
248,Delivery Hero,https://www.corporateregister.com/a10723/151154-21In-30381954J358839596G-Gl.pdf,23.5,Medium ESG Risk,
249,DeNA Co LtdTKS:2432,,26.3,Medium ESG Risk,
250,Devoteam,https://www.google.com/url?sa=t&rct=j&q=&esrc=s&source=web&cd=&ved=2ahUKEwj_hYqzstn2AhUS8XMBHUPYCfEQFnoECAcQAQ&url=https%3A%2F%2Fwww.devoteam.com%2Fwp-content%2Fuploads%2F2021%2F06%2FDevoteam-Annual-Financial-Report-2020.pdf&usg=AOvVaw16YYE3OUjIAwt11BH01jmq,22.7,Medium ESG Risk,
251,Devsisters corpKRX:194480,,20.2,Medium ESG Risk,
252,"DHC Software Co., Ltd.SHE:002065",,22.4,Medium ESG Risk,
253,Digia,https://www.corporateregister.com/a10723/162822-22nn-36634950R16521873984N-Fi.pdf,20.5,Medium ESG Risk,
254,Digimarc Corp,https://www.digimarc.com/docs/default-source/investors-resources/digimarc-proxy-def-14a-2021.pdf,19.6,Low ESG Risk,
255,"Digital Arts, Inc.TKS:2326",,20.7,Medium ESG Risk,
256,Digital Bros S.p.A.MIL:DIB,,19.7,Low ESG Risk,
257,"Digital Garage, Inc.TKS:4819",,25.6,Medium ESG Risk,
258,Digital Turbine IncNAS:APPS,,23.5,Medium ESG Risk,
259,"DigitalOcean Holdings, Inc.NYS:DOCN",,29.6,Medium ESG Risk,
260,DIP CorpTKS:2379,,23.5,Medium ESG Risk,
261,DKV MOBILITY SERVICES HOLDING,https://www.corporateregister.com/a10723/151888-21Su-40098432A20664058624Q-Gl.pdf,10.5,Low ESG Risk,
262,dLocal Ltd.NAS:DLO,,24.9,Medium ESG Risk,
263,"Docebo, Inc.TSE:DCBO",,23.9,Medium ESG Risk,
264,"DocuSign, Inc.NAS:DOCU",,17.6,Low ESG Risk,
265,Domain Holdings Australia Ltd,https://shareholders.domain.com.au/FormBuilder/_Resource/_module/T9NtqvJX0UGSmtpsWXgLcA/file/2021-Annual-Report.pdf,22.5,Medium ESG Risk,
266,"Domo, Inc.NAS:DOMO",,23.4,Medium ESG Risk,
267,Don't Nod Entertainment SAPAR:ALDNE,,25.2,Medium ESG Risk,
268,"DoorDash, Inc.NYS:DASH",,25.6,Medium ESG Risk,
269,dotDigital Group,https://www.annualreports.com/Click/30624,22.8,Medium ESG Risk,
270,DoubleUGames Co LtdKRX:192080,,25.2,Medium ESG Risk,
271,DouYu International Holdings Ltd.NAS:DOYU,,25.9,Medium ESG Risk,
272,Douzone Bizon Co LtdKRX:012510,,24.4,Medium ESG Risk,
273,"Dropbox, Inc",https://aem.dropbox.com/cms/content/dam/dropbox/warp/en-us/esg/Dropbox-ESG-Factsheet.pdf,19.2,Low ESG Risk,
274,DTS Corp,https://www.dts.co.jp/aset/dtsg-report2021-en.pdf,20.3,Medium ESG Risk,
275,Dubber Corp. Ltd.ASX:DUB,,29.4,Medium ESG Risk,
276,"Dun & Bradstreet Holdings, Inc",https://www.corporateregister.com/a10723/152058-21Co-37406268F29432346480G-US.pdf,23.2,Medium ESG Risk,
277,DXC Technology,https://www.corporateregister.com/a10723/162331-21SG-45290349H10783972992M-Gl.pdf,16.1,Low ESG Risk,
278,Dye & Durham Ltd.TSE:DND,,24,Medium ESG Risk,
279,"Dynatrace, Inc.NYS:DT",,21.8,Medium ESG Risk,
280,"eBase Co., Ltd.TKS:3835",,24.3,Medium ESG Risk,
281,eBay Inc,https://www.corporateregister.com/a10723/148851-21Co-39147813X15145886952B-Gl.pdf,17.1,Low ESG Risk,
282,Ebix IncNAS:EBIX,,23.7,Medium ESG Risk,
283,Econocom Group,https://www.google.com/url?sa=t&rct=j&q=&esrc=s&source=web&cd=&ved=2ahUKEwjT09iIwNn2AhUs4nMBHT0kBXsQFnoECAUQAQ&url=https%3A%2F%2Fwww.econocom.it%2Fecmedia%2Fasset%2Feconocom-2020-csr-report.pdf&usg=AOvVaw37L0e8oyAQKjV5DImw1-19,21.9,Medium ESG Risk,
284,Edenred,https://www.edenred.com/sites/rapport-2020/files/2021-05/Edenred-2020-2021-Integrated-Report-EN.pdf,15.5,Low ESG Risk,
285,"EduLab, Inc.TKS:4427",,28.5,Medium ESG Risk,
286,eGain CorpNAS:EGAN,,28,Medium ESG Risk,
287,EHang Holdings Ltd,https://www.google.com/url?sa=t&rct=j&q=&esrc=s&source=web&cd=&cad=rja&uact=8&ved=2ahUKEwjz7Z3J0tn2AhXJIbcAHdbVAUwQFnoECAkQAQ&url=https%3A%2F%2Fwww.egain.io%2Fnews%2Fdownload-egains-esg-report%2F&usg=AOvVaw2OabOGL_OFJSLgWifxnFT6,16.8,Low ESG Risk,
288,Elastic NVNYS:ESTC,,18,Low ESG Risk,
289,Electronic Arts Inc,https://www.corporateregister.com/a10723/159664-21Co-47579872B30004058880G-Gl.pdf,10.4,Low ESG Risk,
290,Embracer Group,https://www.corporateregister.com/a10723/154008-21nn-32341680E5794551000K-Gl.pdf,18,Low ESG Risk,
291,EML Payments Ltd,https://emlpayments-stagingcms.bla.bio/wp-content/uploads/2022/02/EML-2021-Annual-Report-2-1.pdf,21.2,Medium ESG Risk,
292,Empir Group ABOME:EMPIR.B,,27.9,Medium ESG Risk,
293,Enad Global 7 ABOME:EG7,,26,Medium ESG Risk,
294,Endava,https://www.corporateregister.com/a10723/155953-21Su-37428720L36977080112F-Gl.pdf,22.3,Medium ESG Risk,
295,"Endure Digital, Inc.-",,26.1,Medium ESG Risk,
296,Enea,https://storage.mfn.se/8f79d728-2836-4df0-a39b-40bc1fff5291/enea-annual-report-2020-en.pdf?,18.6,Low ESG Risk,
297,Enghouse Systems Ltd.TSE:ENGH,,21.7,Medium ESG Risk,
298,Enigmo Inc.TKS:3665,,29.9,Medium ESG Risk,
299,Entersoft SAATH:ENTER,,23.2,Medium ESG Risk,
300,Envestnet IncNYS:ENV,,26.3,Medium ESG Risk,
301,"EPAM Systems, Inc",https://www.epam.com/content/dam/epam/company/csr/corporate-responsibility/EPAM_ESG_Fast_Facts_Brochure.pdf,24.7,Medium ESG Risk,
302,ePlus inc.NAS:PLUS,,22.1,Medium ESG Risk,
303,Equiniti Group,https://www.google.com/url?sa=t&rct=j&q=&esrc=s&source=web&cd=&ved=2ahUKEwjR0-XO19n2AhVXgtgFHYH5CVgQFnoECB8QAQ&url=https%3A%2F%2Fequiniti.com%2Fmedia%2F9888%2Fequiniti-annual-report-2020.pdf&usg=AOvVaw2I2KSYvAjkrcMzv9RSHMQZ,22.8,Medium ESG Risk,
304,Esi Group,https://www.esi-group.com/sites/default/files/prg/box/1828/ESI_Group_COP_2020.pdf,20,Low ESG Risk,
305,Esker,https://www.corporateregister.com/a10723/152100-21on-43956900J15044515200Y-Gl.pdf,20.1,Medium ESG Risk,
306,Etsy Inc,https://s22.q4cdn.com/941741262/files/doc_financials/2020/ar/2020-Integrated-Annual-Report_final.pdf,22.3,Medium ESG Risk,
307,Euronet Worldwide IncNAS:EEFT,,21,Medium ESG Risk,
308,"Eventbrite, Inc.NYS:EB",,20.7,Medium ESG Risk,
309,"Everbridge, Inc.NAS:EVBG",,24.6,Medium ESG Risk,
310,"EverCommerce, Inc.NAS:EVCM",,23.7,Medium ESG Risk,
311,Evergreen Skills Lux SARL-,,29.5,Medium ESG Risk,
312,Everi Holdings Inc,https://www.everi.com/wp-content/uploads/2021/05/Everi-2020-Ann-Rprt-vFinal.pdf,25.1,Medium ESG Risk,
313,"EverQuote, Inc.NAS:EVER",,28.6,Medium ESG Risk,
314,Evertec Inc,https://www.corporateregister.com/a10723/148463-21SG-41866566F1155635992P-Pu.pdf,20.3,Medium ESG Risk,
315,eWork Group ABOME:EWRK,,24.8,Medium ESG Risk,
316,Exact Holding BV-,,20.3,Medium ESG Risk,
317,Exasol,https://www.corporateregister.com/a10723/149604-21nn-42786744C7929610416S-Ge.pdf,22.9,Medium ESG Risk,
318,"Exela Technologies, Inc.NAS:XELA",,26.1,Medium ESG Risk,
319,"ExlService Holdings, Inc",https://www.corporateregister.com/a10723/160502-21Su-34989436E48449454724P-Gl.pdf,17.4,Low ESG Risk,
320,Expedia Group Inc,https://www.corporateregister.com/a10723/163321-21Co-44913275S9017932336W-Gl.pdf,25.4,Medium ESG Risk,
321,Expert.ai SpAMIL:EXAI,,26.1,Medium ESG Risk,
322,Exsitec Holding ABOME:EXS,,24.6,Medium ESG Risk,
323,F-Secure,https://www.corporateregister.com/a10723/162818-22nn-39890410I75705159824O-Fi.pdf,21.5,Medium ESG Risk,
324,"F5, Inc",https://s23.q4cdn.com/171843108/files/doc_downloads/AUGUST-FINAL_FY19-20-ESG-Report.pdf,19.2,Low ESG Risk,
325,Fabasoft,https://www.fabasoft.com/group/Fabasoft_AG_AnnualReport_2020_2021.pdf,23.6,Medium ESG Risk,
326,FactSet Research Systems Inc,https://www.corporateregister.com/a10723/149244-21Co-34027632R2090012976T-Gl.pdf,20.3,Medium ESG Risk,
327,Fair Isaac Corp,https://investors.fico.com/static-files/88ee4045-f320-4b72-b25d-ba0faa41d132,20,Medium ESG Risk,
328,"Fastly, Inc.NYS:FSLY",,25.9,Medium ESG Risk,
329,"Fathom Holdings, Inc.NAS:FTHM",,26.5,Medium ESG Risk,
330,Fawry for Banking & Payment Technology Services SAECAI:FWRY,,27.2,Medium ESG Risk,
331,FD Technologies,https://www.google.com/url?sa=t&rct=j&q=&esrc=s&source=web&cd=&cad=rja&uact=8&ved=2ahUKEwi8o5r_7Nn2AhWS5nMBHTXXAmcQFnoECAgQAQ&url=https%3A%2F%2Ffdtechnologies.com%2Fwp-content%2Fuploads%2F2021%2F03%2FFD_Group_Annual_Report_and_accounts_2020.pdf&usg=AOvVaw3CcxzNOc0UEBVOz2NXRs1X,24.5,Medium ESG Risk,
332,FDM Group Holdings,https://www.google.com/url?sa=t&rct=j&q=&esrc=s&source=web&cd=&ved=2ahUKEwj9uN2P7dn2AhWymOYKHRNPAnYQFnoECAYQAQ&url=https%3A%2F%2Fwww.fdmgroup.com%2Fwp-content%2Fuploads%2FFDM-Annual-Report-2020c.pdf&usg=AOvVaw3XFKPB3Mz-ZFl1cP_1adEw,19,Low ESG Risk,
333,Fidelity National Information Services Inc,https://www.fisglobal.com/-/media/fisglobal/files/PDF/report/2020-FIS-Global-Sustainability-Report.pdf?sc_lang=en-SG&hash=F3304FFBC127A173541D6AFECF484B61,18.2,Low ESG Risk,
334,FINEOS Corporation Holdings PlcASX:FCL,,23.5,Medium ESG Risk,
335,Fiserv Inc,https://www.responsibilityreports.com/Click/2739,18.3,Low ESG Risk,
336,"Five9, Inc.NAS:FIVN",,27.9,Medium ESG Risk,
337,Fiverr International Ltd,https://s23.q4cdn.com/749308338/files/doc_downloads/2022/02/Fiverr-2021-ESG-Report.pdf,22.8,Medium ESG Risk,
338,"FLEETCOR Technologies, Inc",https://www.google.com/url?sa=t&rct=j&q=&esrc=s&source=web&cd=&ved=2ahUKEwjBloj6kNf2AhVj63MBHTrEDtQQFnoECAcQAQ&url=https%3A%2F%2Finvestor.fleetcor.com%2Fstatic-files%2Fcf20440b-7e42-48fa-88e5-b91dd47c7fe2&usg=AOvVaw3NmcDV4LmqWzDBStKddCPI,17.8,Low ESG Risk,
339,Flexential Corp,https://www.flexential.com/sustainability,23.9,Medium ESG Risk,
340,Flywire Corp.NAS:FLYW,,23.7,Medium ESG Risk,
341,Focus Home Interactive,https://cdn.focus-home.com/admin/investor/website/desktop/_FILES/Resultats/rapport_financier_rse_2021_en.pdf,18.9,Low ESG Risk,
342,"Forian, Inc.NAS:FORA",,24.7,Medium ESG Risk,
343,FormPipe Software,https://www.google.com/url?sa=t&rct=j&q=&esrc=s&source=web&cd=&ved=2ahUKEwjwjbuC79n2AhV6IbcAHV5_DrcQFnoECAUQAQ&url=https%3A%2F%2Fwww.formpipe.com%2Fglobalassets%2Finvestor-relations%2Ffinansiella-rapporter%2F2021%2Fformpipe-annual-report-2020.pdf&usg=AOvVaw2y2ufyudYCeblhYQFpZO1i,21.5,Medium ESG Risk,
344,Formula Systems (1985) Ltd.TAE:FORTY,,30.3,High ESG Risk,
345,"Forrester Research, Inc",https://go.forrester.com/wp-content/uploads/2022/02/Forrester-ESG-2021-Year-In-Review.pdf?_gl=1*1qateoj*_ga*MTIxNzI3ODQzOS4xNjQ3ODY0MjU4*_ga_PMXYWTHPVN*MTY0Nzg2NDI1Ny4xLjAuMTY0Nzg2NDI1OS4w,24,Medium ESG Risk,
346,Fortinet Inc,https://www.corporateregister.com/a10723/153604-21iv-38554604I24377876424K-Gl.pdf,19.3,Low ESG Risk,
347,Fortnox ABNGM:FNOX,,21,Medium ESG Risk,
348,Fractal Gaming Group ABOME:FRACTL,,24.7,Medium ESG Risk,
349,freee K.K.TKS:4478,,27.1,Medium ESG Risk,
350,"FriendTimes, Inc",https://www.google.com/url?sa=t&rct=j&q=&esrc=s&source=web&cd=&ved=2ahUKEwj_jdTultf2AhWAgtgFHQBvBioQFnoECA0QAQ&url=https%3A%2F%2Fwww.friendtimes.net%2Fres%2Fftnet%2F202104%2F20193914hn0z.pdf&usg=AOvVaw2IU3f-BvEo7J6J06kmDrEo,25.4,Medium ESG Risk,
351,Frontier Developments,https://www.frontier.co.uk/file/8431/download,18.6,Low ESG Risk,
352,"FTC Solar, Inc.NAS:FTCI",,21.9,Medium ESG Risk,
353,"Fuji Soft, Inc.TKS:9749",,22.4,Medium ESG Risk,
354,Fujitsu Ltd,https://www.fujitsu.com/global/documents/about/resources/reports/sustainabilityreport/2021-report/fujitsudatabook2021e.pdf,14.3,Low ESG Risk,
355,"Fukui Computer Holdings, Inc.TKS:9790",,24.3,Medium ESG Risk,
356,Future Corp.TKS:4722,,24.3,Medium ESG Risk,
357,Fyber,https://investors.fyber.com/assets/media/fyber-nv-annual-report-2020-sec.pdf,22.6,Medium ESG Risk,
358,"G-Bits Network Technology (Xiamen) Co., Ltd.SHG:603444",,14.8,Low ESG Risk,
359,G5 Entertainment,https://corporate.g5e.com/sites/default/files/reports_files/2021-04/wkr0006.pdf,20.1,Medium ESG Risk,
360,"GA technologies Co., Ltd.TKS:3491",,24.8,Medium ESG Risk,
361,Gaming Innovation Group Inc,https://www.gig.com/wp-content/uploads/2021/04/GiG-Sustainability-Report-2020-5.pdf,15.5,Low ESG Risk,
362,GAN Ltd.NAS:GAN,,25.8,Medium ESG Risk,
363,"Gaotu Techedu, Inc.NYS:GOTU",,31.4,High ESG Risk,
364,GB Group,https://www.gbgplc.com/media/o4yhe3j2/gbg-2021-annual-report-final.pdf,22.2,Medium ESG Risk,
365,Generix Group France SAPAR:GENX,,24.2,Medium ESG Risk,
366,Genpact Ltd,https://www.genpact.com/downloadable-content/genpact-sustainability-report-2020.pdf,19.1,Low ESG Risk,
367,GFT Technologies,https://www.google.com/url?sa=t&rct=j&q=&esrc=s&source=web&cd=&ved=2ahUKEwjovLWQvtf2AhXDmuYKHUwvDYoQFnoECAUQAQ&url=https%3A%2F%2Fwww.gft.com%2Fuk%2Fen%2Fdam%2Fjcr%3A4bd83651-0936-4057-b8d2-7f1b4973595d%2Fgft-non-financial-group-report-2020%2520.pdf&usg=AOvVaw3FJNI97qpKP_R2GS4iY1eV,24.6,Medium ESG Risk,
368,Giant Network Group Co. Ltd.SHE:002558,,17.4,Low ESG Risk,
369,"giftee, Inc.TKS:4449",,28.2,Medium ESG Risk,
370,GK Software,https://www.google.com/url?sa=t&rct=j&q=&esrc=s&source=web&cd=&ved=2ahUKEwjYxvOOv9f2AhXFgtgFHf3kDQ0QFnoECAwQAQ&url=https%3A%2F%2Finvestor.gk-software.com%2Fen%2Fpublications%2Fcsr-report%3Ftask%3Ddownload%26cid%3D832&usg=AOvVaw1w6ijjqwh4XtiLKJdPKyJ3,22.8,Medium ESG Risk,
371,Global Dominion Access,https://www.corporateregister.com/a10723/152401-21on-40233864X69721628688I-Gl.pdf,22.1,Medium ESG Risk,
372,Global Payments Inc,https://www.responsibilityreports.com/Click/1289,19.2,Low ESG Risk,
373,Globant,https://www.globant.com/sites/default/files/2021-04/Globant%20-%20Integrated%20Report%202020.pdf,18.6,Low ESG Risk,
374,Glodon Co,https://www.google.com/url?sa=t&rct=j&q=&esrc=s&source=web&cd=&cad=rja&uact=8&ved=2ahUKEwjPqvfGwNf2AhUDjuYKHSaGA_0QFnoECAIQAQ&url=https%3A%2F%2Fglodon-en2021.oss-ap-southeast-1.aliyuncs.com%2Fuploads%2Fpublic%2F611%2F397%2F9da%2F6113979da4d69342107742.pdf&usg=AOvVaw0eKVCYAp_9SqQRmByL65hz,21.4,Medium ESG Risk,
375,GMO GlobalSign Holdings KKTKS:3788,,28.8,Medium ESG Risk,
376,GMO Internet Inc.TKS:9449,,33.9,High ESG Risk,
377,GMO Payment Gateway Inc,https://www.google.com/url?sa=t&rct=j&q=&esrc=s&source=web&cd=&ved=2ahUKEwj-rZW-wdf2AhWpILcAHWaEA0gQFnoECAoQAQ&url=https%3A%2F%2Fwww.gmo-pg.com%2Fen%2Fcorp%2Fnewsroom%2Fpdf%2F201221_gmo_pg_en.pdf&usg=AOvVaw14pChUNutxS8uTlw0ZPnrF,22.3,Medium ESG Risk,
378,GoDaddy Inc,https://img1.wsimg.com/cdn/Other/All/FOS-LandingPages/1/en-US/76e530e3-57c7-41a3-b2db-c6bcdfdeef61/esg_report_reduce_0614211.pdf,23.4,Medium ESG Risk,
379,Gofore,https://gofore.com/wp-content/uploads/sites/2/2022/03/gofore-plc-sustainability-report-2021.pdf,19.6,Low ESG Risk,
380,Gogo IncNAS:GOGO,,28.3,Medium ESG Risk,
381,GPI,https://cdn.metrio.net/clients/gpi/global-assets/reports/2020-gpi-esg-report.pdf,20.2,Medium ESG Risk,
382,"Grace Technology, Inc",https://grace.com/content/dam/grace-site/english/pdf/corporate/sustainability/EHSS-Management-System-2020.pdf,28.6,Medium ESG Risk,
383,Greater Than ABOME:GREAT,,25.3,Medium ESG Risk,
384,"Gree, Inc.TKS:3632",,26.8,Medium ESG Risk,
385,GreenBox POSNAS:GBOX,,24.8,Medium ESG Risk,
386,"Grid Dynamics Holdings, Inc.NAS:GDYN",,34.5,High ESG Risk,
387,Groupe Open SAPAR:OPN,Wrong language,25.8,Medium ESG Risk,
388,Grupo de Moda Soma SABSP:SOMA3,Wrong language,25.5,Medium ESG Risk,
389,GTT Communications IncOTC:GTTNQ,,30.7,High ESG Risk,
390,"GTY Technology Holdings, Inc.NAS:GTYH",,27.6,Medium ESG Risk,
391,Guidewire Software IncNYS:GWRE,,17.7,Low ESG Risk,
392,GungHo Online Entertainment IncTKS:3765,,17.4,Low ESG Risk,
393,"Hangzhou DPtech Technologies Co., Ltd.SHE:300768",,27.3,Medium ESG Risk,
394,"Hangzhou Shunwang Technology Co., Ltd.SHE:300113",,26.9,Medium ESG Risk,
395,Hansen Technologies LtdASX:HSN,,23.8,Medium ESG Risk,
396,Happiest Minds Technologies Ltd,https://www.google.com/url?sa=t&rct=j&q=&esrc=s&source=web&cd=&ved=2ahUKEwiYms2ZzNf2AhWxkNgFHVl0CiwQFnoECAUQAQ&url=https%3A%2F%2Fwww.happiestminds.com%2Finvestors%2Fesg%2FHappiestMinds-ESG-2020-21.pdf&usg=AOvVaw1c_gXlQKxPadEIkg_keeNN,22.6,Medium ESG Risk,
397,Harvest S.A.-,,25.3,Medium ESG Risk,
398,"HCL America, Inc.-",,20.7,Medium ESG Risk,
399,HCL Technologies Ltd,https://www.google.com/url?sa=t&rct=j&q=&esrc=s&source=web&cd=&cad=rja&uact=8&ved=2ahUKEwjTnuvhzNf2AhWh63MBHUP7AUsQFnoECAYQAQ&url=https%3A%2F%2Fwww.hcltech.com%2Fsites%2Fdefault%2Ffiles%2Fdocument%2Fopen%2FSustainability-Report-2021.pdf&usg=AOvVaw2dPiXgTJXQS6EJYwbbFKCK,16.6,Low ESG Risk,
400,Headhunter Group PlcNAS:HHR,,29.4,Medium ESG Risk,
401,"Health Catalyst, Inc",https://www.annualreports.com/Company/health-catalyst-inc,21,Medium ESG Risk,
402,"Hello Group, Inc.",,22.9,Medium ESG Risk,
403,HengTen Networks Group Ltd,https://www.corporateregister.com/a10723/150209-21SG-31093263J10339636515S-Ch.pdf,26.8,Medium ESG Risk,
404,HENNGE KK,,25.6,Medium ESG Risk,
405,Hi Sun Technology Ltd,https://www.corporateregister.com/a10723/151661-21SG-41403453E7659638805I-Ch.pdf,25.7,Medium ESG Risk,
406,Hilan Ltd,,27.1,Medium ESG Risk,
407,"Hims & Hers Health, Inc.",,22.1,Medium ESG Risk,
408,Hinduja Global Solutions Ltd,https://www.teamhgs.com/system/files_force?url=/sites/default/files/downloadables/HGS_Annual%2520Report%25202021_1.pdf,24.8,Medium ESG Risk,
409,HiQ International AB,,25.8,Medium ESG Risk,
410,"Hithink RoyalFlush Information Network Co., Ltd.",,31.7,High ESG Risk,
411,HolidayCheck Group AG,,29.3,Medium ESG Risk,
412,home24,https://www.home24.com/download/companies/homevierundzwanzig/Annual%20Reports/DE000A14KEB5-JA-2018-EQ-E-00.pdf,26.4,Medium ESG Risk,
413,Homeland Interactive Technology Ltd.,,25.6,Medium ESG Risk,
414,House of Control Group AS,,24.4,Medium ESG Risk,
415,HubSpot Inc,https://www.corporateregister.com/a10723/155951-21Su-31502102N68084463776K-Gl.pdf,16.6,Low ESG Risk,
416,Huddly AS,,26.2,Medium ESG Risk,
417,Hundsun Technologies Inc.,,21.7,Medium ESG Risk,
418,"Huuuge, Inc.",,23,Medium ESG Risk,
419,"HUYA, Inc.",,27.4,Medium ESG Risk,
420,Hyundai Autoever Corp,https://www.hyundaimotorgroup.com/sustainability/esgPolicy,21.4,Medium ESG Risk,
421,i:FAO AG,,20.9,Medium ESG Risk,
422,"i3 Verticals, Inc.",,24.7,Medium ESG Risk,
423,IAC Interactive Corp,https://ir.iac.com/static-files/f0fdfa96-36c1-455f-a77e-e555b30e99fd,27.6,Medium ESG Risk,
424,IAR Systems Group,https://www.iar.com/globalassets/corporate-governance-report-2020.pdf,20.8,Medium ESG Risk,
425,ICT Group,https://www.annualreports.com/HostedData/AnnualReports/PDF/ictg2008.pdf,21.8,Medium ESG Risk,https://issuu.com/ictgroup/docs/ict_group_annual_report_2020
426,Ideagen,https://www2.ideagen.com/l/32172/2021-11-08/9r75k5/32172/1636373566TbUfVMku/ID_Global_Sustainability_Report.pdf,25.1,Medium ESG Risk,
427,"Ideanomics, Inc",https://ideanomics.com/wp-content/uploads/2022/01/2021_IDEX-Sustainability-Report-011021.pdf,25.6,Medium ESG Risk,
428,iDreamSky Technology Holdings Ltd,https://www.corporateregister.com/a10723/150189-21nn-35895171U25335382410F-Ch.pdf,24.4,Medium ESG Risk,
429,iEnergizer Ltd.,,28.9,Medium ESG Risk,
430,iFAST Corp Ltd,https://www.ifastcorp.com/ifastcorp/articleFiles/webarticles/17126/SG/iFASTCorp_SustainabilityReport_2020.pdf,28.6,Medium ESG Risk,
431,Iflytek Co Ltd,https://www.corporateregister.com/a10723/133871-20Co-33869363N4113588088L-Ch.pdf,21.5,Medium ESG Risk,
432,IGE+XAO SA,,22.6,Medium ESG Risk,
433,IGG Inc,https://www.corporateregister.com/a10723/146981-21nn-42624490L3704068181N-Gl.pdf,16.9,Low ESG Risk,
434,Imdex Ltd,https://www.imdexlimited.com/media/home/IMDEX-SUSTAINABILITY-2021_Final.pdf,16.2,Low ESG Risk,
435,IndiaMART InterMESH Ltd,https://investor.indiamart.com/z_Indiamart/files/ANNUAL_REPORT_FY2020-21.pdf,25,Medium ESG Risk,
436,Indra Sistemas,https://www.indracompany.com/sites/default/files/indra_sustainability_report_2020_en_220420.pdf,15.4,Low ESG Risk,
437,Ines Corp.,,25.8,Medium ESG Risk,https://www.ines.co.jp/en/csr.html
438,Info Edge India Ltd,http://www.infoedge.in/pdfs/Annual-Report-2020-2021.pdf,20.2,Medium ESG Risk,http://www.infoedge.in/pdfs/CSR-Policy.pdf
439,Infocom Corp.,,22.5,Medium ESG Risk,https://www.infocom.co.jp/en/csr.html
440,Infomart Corp,,26.9,Medium ESG Risk,
441,Infomedia Ltd,https://www.annualreports.com/HostedData/AnnualReports/PDF/ASX_IFM_2021.pdf,18.9,Low ESG Risk,
442,Infopro Digital Group BV,,22.8,Medium ESG Risk,
443,"Infor, Inc.",,21.3,Medium ESG Risk,
444,"Information Services International-Dentsu, Ltd",https://www.group.dentsu.com/en/sustainability/common/pdf/integrated-report2021_all.pdf,19.7,Low ESG Risk,https://www.group.dentsu.com/en/sustainability/reports/2021/esg/data.html
445,Infosys Ltd,https://www.corporateregister.com/a10723/149613-21SG-35607894D11719186290E-Gl.pdf,15.4,Low ESG Risk,
446,Infotel,https://www.infotel.com/us/wp-content/uploads/sites/6/2021/05/URD-Infotel-2020-Vdef_EN.pdf,22,Medium ESG Risk,
447,init innovation in traffic systems SE,,20.8,Medium ESG Risk,
448,Inke Ltd,https://www1.hkexnews.hk/listedco/listconews/sehk/2020/0427/2020042700968.pdf,28.8,Medium ESG Risk,
449,InnovAge Holding Corp.,,24.8,Medium ESG Risk,
450,"Instructure Holdings, Inc.",,24.1,Medium ESG Risk,
451,"Intapp, Inc.",,25.3,Medium ESG Risk,
452,Integral Ad Science Holding Corp.,,20.4,Medium ESG Risk,
453,Integrated Research Ltd,https://www.ir.com/hubfs/01.%20Global/Annual%20Report%20to%20Shareholders%20FY20.pdf,20.6,Medium ESG Risk,
454,Intellect Design Arena Ltd,,25.1,Medium ESG Risk,
455,InterDigital Inc,https://s25.q4cdn.com/626766191/files/doc_downloads/sustainability/2021-InterDigital-Corporate-Sustainability-Report.pdf,18.6,Low ESG Risk,
456,International Business Machines Corp,https://www.corporateregister.com/a10723/152436-21Co-30639636H2889271944O-Gl.pdf,14.8,Low ESG Risk,
457,International Games System Co Ltd,file:///Users/kevintanyuejun/Downloads/Annual%20Report%20for%20the%202021%20Shareholders%20Meeting.pdf,18,Low ESG Risk,
458,"Internet Initiative Japan, Inc.",,29.6,Medium ESG Risk,https://www.iij.ad.jp/en/ir/esg/
459,Intuit Inc,https://www.corporateregister.com/a10723/156313-21Co-43455014J1070744050V-Gl.pdf,16.2,Low ESG Risk,
460,Invuo Technologies AB,,23.7,Medium ESG Risk,
461,Iomart Group,https://docs.iomart.com/wp-content/uploads/2021/08/15072021-iomart-annual-accounts-2021.pdf,26.1,Medium ESG Risk,
462,ION Investment Group Ltd.,,24.3,Medium ESG Risk,
463,"iQIYI, Inc.",,29.8,Medium ESG Risk,
464,IRESS Ltd,https://www.corporateregister.com/a10723/147278-21SG-31370214P22195530990V-Gl.pdf,17.1,Low ESG Risk,
465,Irisity AB,,25.1,Medium ESG Risk,
466,Itera,https://f.hubspotusercontent10.net/hubfs/8054464/Investor/Itera%20annual%20report%202019.pdf,20.6,Medium ESG Risk,https://f.hubspotusercontent10.net/hubfs/8054464/IAR%202020%20Sustainability%20report.pdf
467,ITOCHU Techno-Solutions Corp,https://www.itochu.co.jp/en/csr/pdf/21fulle-all.pdf,17.5,Low ESG Risk,
468,IVU Traffic Technologies,https://www.corporateregister.com/a10723/125694-20Su-26018658D19588655736D-Gl.pdf,21.5,Medium ESG Risk,
469,Izertis,https://www.izertis.com/documents/20126/1533293/Informe+IZERTIS+inicio+de+cobertura+GVC+Gaesco+ingl%C3%A9s+29-11-2021.pdf/736d1a30-c541-ffc5-c490-758a3ef4e0cb?version=1.0&t=1638269102745,24.9,Medium ESG Risk,
470,Jack Henry & Associates Inc,corporateregister.com/a10723/142106-20SG-35100182H12119936528Q-US.pdf,16.2,Low ESG Risk,
471,JFrog Ltd.,,25.3,Medium ESG Risk,
472,Jig-Saw Inc,,31.8,Low ESG Risk,
473,"Joy Spreader Group, Inc",https://www1.hkexnews.hk/listedco/listconews/sehk/2021/0428/2021042800557.pdf,27.3,Medium ESG Risk,
474,JoyCity Corp,https://www1.hkexnews.hk/listedco/listconews/sehk/2021/0422/2021042200941.pdf,21.5,Medium ESG Risk,
475,"JOYY, Inc.",,24.9,Medium ESG Risk,
476,Jumia Technologies AG,,29.3,Medium ESG Risk,
477,Just Dial Ltd,https://images.jdmagicbox.com/investors/Justdial-Annual-Report-2020-21-210908080658.pdf,25.2,Medium ESG Risk,
478,Just Eat Takeaway,https://s3.eu-central-1.amazonaws.com/takeaway-corporatewebsite-dev/Just-Eat-Takeaway.com-Annual-Report-2021.pdf,25.7,Medium ESG Risk,
479,Justsystems Corp,,20.1,Medium ESG Risk,https://www.justsystems.com/en/corporate/sustainability.html
480,Kahoot!,https://kahoot.com/files/2021/02/Kahoot-2020-Annual-Report.pdf,22.7,Medium ESG Risk,
481,Kainos Group,https://go.kainos.com/rs/272-PGO-379/images/Kainos-Annual-Report-2021.pdf,14.8,Low ESG Risk,https://www.kainos.com/about-us/sustainability
482,Kakaku Inc,https://www.sbigroup.co.jp/english/investors/library/annualreport/pdf/2020ar_e-008-017.pdf,25.5,Medium ESG Risk,
483,Kakao Corp,https://t1.kakaocdn.net/kakaocorp/kakaocorp/admin/esg/report/revisedReport/KAKAO_2020_ESG_REPORT_ENG.pdf?download,27.7,Medium ESG Risk,
484,Kakao Games Corp,https://t1.kakaocdn.net/kakaocorp/kakaocorp/admin/esg/report/revisedReport/KAKAO_2020_ESG_REPORT_ENG.pdf?download,23.8,Medium ESG Risk,A subsidiary of Kakao Grp
485,Kalera,https://kalera.com/wp-content/uploads/Kalera_2020_Annual_Report.pdf,24.8,Medium ESG Risk,
486,"Kaltura, Inc.",,24.9,Medium ESG Risk,
487,Kamakura Shinsho Ltd,,25.1,Medium ESG Risk,
488,Kanematsu Electronics Ltd,https://www.kanematsu.co.jp/en/press/files/IR/KG_IR19_en.pdf,23.3,Medium ESG Risk,
489,Kape Technologies,https://www.annualreports.com/HostedData/AnnualReports/PDF/LSE_KAPE.L_2020.pdf,31.4,High ESG Risk,
490,"KE Holdings, Inc",https://s25.q4cdn.com/166451781/files/doc_downloads/2021/07/BEKE-2020-ESG-Report.pdf,25.8,Medium ESG Risk,
491,Keywords Studios,https://www.keywordsstudios.com/content/uploads/2021/04/Keywords-Studios-Annual-Report-2020.pdf,26.2,Medium ESG Risk,
492,"KGinicis Co., Ltd.",,29.4,Medium ESG Risk,
493,Kinaxis Inc,https://www.corporateregister.com/a10723/155337-20SG-39300261N8780423925T-Gl.pdf,12.4,Low ESG Risk,
494,KineMaster Corp.,,28.2,Medium ESG Risk,
495,Kingdee International Software Group Co Ltd,https://www.kingdee.com.hk/media/2019_kingdee_esg%20-%201.pdf,18.5,Low ESG Risk,
496,Kingsoft Corp Ltd,https://www.corporateregister.com/a10723/147941-21nn-42902890N22835137173A-Gl.pdf,24.3,Medium ESG Risk,
497,"kneat.com, Inc.",,24,Medium ESG Risk,
498,Knowit AB,,15.5,Low ESG Risk,
499,"Koei Tecmo Holdings Co., Ltd.",,18.2,Low ESG Risk,
500,Konami Holdings Corp.,,19.4,Low ESG Risk,
501,"KoreaCenter Co., Ltd.",,27.6,Medium ESG Risk,
502,KPIT Technologies Ltd,https://www.corporateregister.com/a10723/156091-21Su-46827300A26705609190R-Gl.pdf,20.5,Medium ESG Risk,
503,Kps,https://kps.com/assets/documents/KPS_Sustainibility%20Report_2018-2019.pdf,27.4,Medium ESG Risk,
504,Kuaishou Technology,https://ir.kuaishou.com/static-files/2a9be777-91b8-48df-b10b-53b1f3c17125,24.1,Medium ESG Risk,
505,Kunlun Tech Co Ltd,http://media-kunlunenergy.todayir.com/2021060320560127459793078_en.pdf,17.6,Low ESG Risk,
506,L&T Technology Services Ltd,https://www.ltts.com/sites/default/files/csr/reports/2020-10/LTTS_CSR_Annual_Report_2019_20.pdf,20.8,Medium ESG Risk,
507,Lakala Payment Co Ltd,http://euroland.com/pdf/CN-3396/AR_ENG_2018.pdf,25.3,Medium ESG Risk,Apparently its Legend Holdings
508,Larsen & Toubro Infotech Limited,corporateregister.com/a10723/158481-21Su-32330124P12385290150Q-Gl.pdf,18.2,Low ESG Risk,
509,LeadDesk Oyj,,24.4,Medium ESG Risk,
510,Learning Technologies Group,https://www.ltgplc.com/wp-content/uploads/2021/04/LTG_Annual_Report_2020_Digital-1.pdf,23.3,Medium ESG Risk,
511,Lectra SA,,16.7,Low ESG Risk,https://www.lectra.com/en/investors/corporate-governance/corporate-social-and-environmental-responsibility-policy
512,Leidos Holdings Inc,https://www.corporateregister.com/a10723/162971-22Co-36016591I2413926452B-Gl.pdf,14.1,Low ESG Risk,
513,"LendingTree, Inc.",,27.5,Medium ESG Risk,
514,Leo Group Co Ltd,https://www.leo.com.hk/uploads/docs/editor/Sustainability-Report_2020_Update.pdf,32.8,High ESG Risk,
515,"Life360, Inc",https://investors.life360.com/DownloadFile.axd?file=/Report/ComNews/20210331/02359535.pdf,19.3,Low ESG Risk,
516,"Lightspeed Commerce, Inc.",,19.9,Low ESG Risk,
517,Lime Technologies,https://investors.lime-technologies.com/wp-content/uploads/2021/04/a%CC%8Arsredovisning_sust_2020_ENGpdf.pdf,24.1,Medium ESG Risk,
518,Limelight Networks Inc,,31.7,High ESG Risk,
519,Linedata Services,https://www.corporateregister.com/a10723/148042-18Co-30644694D22216959024D-Gl.pdf,19.9,Low ESG Risk,
520,Link Administration Holdings Ltd,https://www.corporateregister.com/a10723/157283-21nn-39006184G13183461060R-Gl.pdf,18.2,Low ESG Risk,
521,LINK Mobility Group Holding,https://linkmobility.com/wp-content/uploads/2021/04/LINK-Annual-Report-2020-2.pdf,24.7,Medium ESG Risk,
522,Linx,https://www.corporateregister.com/a10723/96436-14Su-28737928H15310179360H-Br.pdf,18.9,Low ESG Risk,
523,"Liquidity Services, Inc",https://www.corporateregister.com/a10723/163515-22SG-45130140V23032722900N-Gl.pdf,24.3,Medium ESG Risk,
524,"LITALICO, Inc. (7366)",,30.3,High ESG Risk,
525,Livechat Software SA,,21.1,Medium ESG Risk,
526,"LivePerson, Inc.",,28.8,Medium ESG Risk,
527,"LiveRamp Holdings, Inc.",,24.5,Medium ESG Risk,
528,Locaweb Serviços de Internet SA,,28.2,Medium ESG Risk,
529,Logicom Public Ltd,https://www.corporateregister.com/a10723/157758-21Co-42910176R59055129720F-Gl.pdf,22.6,Medium ESG Risk,
530,LogMeIn Inc,,20.1,Medium ESG Risk,
531,Logo Yazilim Sanayi ve Ticaret AS,,20.1,Medium ESG Risk,
532,"Lyft, Inc",https://www.corporateregister.com/a10723/149675-21SG-33078175I17735888800B-No.pdf,24.2,Medium ESG Risk,
533,MAG Interactive AB,,23.6,Medium ESG Risk,
534,Magic Software Enterprises Ltd.,,25.9,Medium ESG Risk,
535,"Magnite, Inc.",,23,Medium ESG Risk,
536,Malam-Team Ltd.,,26.1,Medium ESG Risk,
537,"Mandiant, Inc.",,23.4,Medium ESG Risk,
538,Mango Excellent Media Co Ltd,http://file.finance.sina.com.cn/211.154.219.97:9494/MRGG/CNSESZ_STOCK/2021/2021-4/2021-04-26/7118339.PDF,31.6,High ESG Risk,
539,"Manhattan Associates, Inc",https://ir.manh.com/static-files/cdbf6796-ef0a-4277-96b2-7e17c556d040,19.9,Low ESG Risk,
540,ManTech International Corp,https://www.mantech.com/sites/default/files/2021-06/2021%20ManTech%20ESG%20Brochure_%288.5%20x%2011%29_Final.pdf,22,Medium ESG Risk,
541,Maoyan Entertainment,https://www.corporateregister.com/a10723/149760-21nn-33696000C970444800I-Ch.pdf,28.1,Medium ESG Risk,
542,"Marqeta, Inc.",,20.5,Medium ESG Risk,
543,Marvelous Inc,https://corp.marv.jp/english/vision/img/sustainability_2112en.pdf,17.3,Low ESG Risk,
544,Mastek Ltd,https://www.mastek.com/wp-content/uploads/PDF%20downloads/Finance%20information/Annual%20reports/2021/Annual%20Report%202020-21.pdf,21.8,Medium ESG Risk,
545,"Mastercard, Inc",https://www.corporateregister.com/a10723/152831-21Co-44320990L1400543284N-Gl.pdf,17.2,Low ESG Risk,
546,"Match Group, Inc",https://d1sud0deeo84nn.cloudfront.net/3i2KjCNdwHIH8sbuw24MveVqT3r4ggvvhc6xs5AF.pdf,19.6,Low ESG Risk,
547,Matrix IT Ltd,https://www.corporateregister.com/a10723/147073-21nn-37503615L19604242608S-As.pdf,30.3,High ESG Risk,
548,"Medallia, Inc",https://www.corporateregister.com/a10723/148593-21Co-33433425P8297730306E-Gl.pdf,21.4,Medium ESG Risk,
549,Media & Games Invest,https://mgi-se.com/wp-content/uploads/2021/06/MGI-Sustainability-Report.pdf,22.9,Medium ESG Risk,
550,MEDIA DO Co Ltd,https://ssl4.eir-parts.net/doc/3678/ir_material_for_fiscal_ym2/107227/00.pdf,32.1,High ESG Risk,https://mediado.jp/english/sustainability/
551,"MediaAlpha, Inc.",,25.5,Medium ESG Risk,
552,Megaport Ltd,https://www.asx.com.au/asxpdf/20190821/pdf/447nrgxgnl6fhk.pdf,22.3,Medium ESG Risk,
553,Meituan,https://www.corporateregister.com/a10723/147565-21nn-34235080C14663534050Q-Ch.pdf,26.4,Medium ESG Risk,
554,Meltwater BV,,25.4,Medium ESG Risk,
555,Mensch und Maschine Software,https://www.mum.de/-/media/mum/downloads/investor-relations/berichte-reports/mm-ar2021-v2.pdf,23.6,Medium ESG Risk,
556,"Mercadolibre, Inc",https://www.corporateregister.com/a10723/163043-22Su-37173804M5351397346Q-So.pdf,21.9,Medium ESG Risk,
557,"Mercari, Inc",https://speakerdeck.com/mercari_inc/2021-sustainability-report-en,29.4,Medium ESG Risk,
558,Mercell Holding,https://s26.q4cdn.com/787520787/files/doc_financials/annual/2020/528713_Mercell-Annual-Report-2020.pdf,23.2,Medium ESG Risk,
559,"MeridianLink, Inc.",,24.5,Medium ESG Risk,
560,"Meta Platforms, Inc",https://sustainability.fb.com/wp-content/uploads/2021/06/2020_FB_Sustainability-Report-3.pdf,32.4,High ESG Risk,
561,Mgame Corp.,,32,High ESG Risk,
562,Michael Baker International LLC,,21.5,Medium ESG Risk,
563,Micro Focus International,https://www.microfocus.com/media/investors-report/annual-report-and-accounts-2021-report.pdf,15,Low ESG Risk,
564,Micro Systemation AB,,23.1,Medium ESG Risk,
565,Microsoft Corp,https://www.corporateregister.com/a10723/163568-22nv-32713600T26744022272R-Gl.pdf,13.8,Low ESG Risk,
566,"MicroStrategy, Inc.",,22.5,Medium ESG Risk,
567,Mimecast Ltd,https://www.mimecast.com/globalassets/documents/ebook/2021-mimecast-corporate-social-responsibility-report.pdf,25.9,Medium ESG Risk,
568,Mindtree Ltd,https://www.corporateregister.com/a10723/153700-21Su-38271300C18404038000W-In.pdf,18,Low ESG Risk,
569,Mintra Holding,https://mintra.com/assets/documents/Mintra_2020_Annual_Report.pdf,24.8,Medium ESG Risk,
570,"Miroku Jyoho Service Co., Ltd.",,24.2,Medium ESG Risk,
571,Mitek Systems Inc,,22.7,Medium ESG Risk,
572,"Mitsubishi Research Institute, Inc",https://www.mitsubishicorp.com/jp/en/ir/library/esg/pdf/esgdata/2019/all.pdf,21.5,Medium ESG Risk,https://www.mri.co.jp/en/about-us/info/group_report/GroupReport2020_e.pdf
573,mixi Inc,https://pdf.irpocket.com/C2121/gK0G/Jqwo/nYdn.pdf,25.3,Medium ESG Risk,
574,Mobly SA,,28.7,Medium ESG Risk,
575,"Mobvista, Inc",https://www.mobvista.com/wp-content/uploads/2021/05/Mobvista_AR2020_EN.pdf,28.3,Medium ESG Risk,
576,Model N Inc,https://s1.q4cdn.com/912902762/files/doc_downloads/governance/2021/01/MODN20182_ESG_Report_Lauber-007-01.pdf,23.7,Medium ESG Risk,
577,Modern Times Group MTG,https://www.responsibilityreports.com/HostedData/ResponsibilityReports/PDF/mtb-ab_2019.pdf,13.5,Low ESG Risk,
578,"Momentive Global, Inc",https://momentive.com/docs/default-source/generalcontent/sustainability/2021-report.pdf,22.3,Medium ESG Risk,
579,"Money Forward, Inc",https://s3-ap-northeast-1.amazonaws.com/mf-wp/wp-content/uploads/20210929165408/Money-Forward_Integrated-Report_20211.pdf,24.5,Medium ESG Risk,
580,"MoneyGram International, Inc.",,27.8,Medium ESG Risk,
581,Moneysupermarket Group,https://corporate.moneysupermarket.com/~/media/Files/M/Moneysupermarket-V3/result-and-presentations/moneysupermarket-ar20-dps-new-1.pdf,20.8,Medium ESG Risk,https://corporate.moneysupermarket.com/about-us/corporate-responsibility
582,"MongoDB, Inc.",,21.3,Medium ESG Risk,
583,Mphasis Ltd,https://www.mphasis.com/content/dam/mphasis-com/global/en/home/esg/Mphasis_ESG-Report_011221.pdf,22.6,Medium ESG Risk,
584,msg life ag,https://www.msg-life.com/wp-content/uploads/2021/04/msg_life-gb-2020-EN_final.pdf,22.3,Medium ESG Risk,Report lacks keywords but we shall see how it peforms on our code
585,MTI Ltd,https://www.mineralstech.com/docs/default-source/default-document-library/mti-2020-sustainability-report.pdf?sfvrsn=6bbb115e_2,24.9,Medium ESG Risk,
586,MyEG Services Bhd,http://www.insage.com.my/ir/interactiveAR/MYEG/interactiveAR2020/24/,21.5,Medium ESG Risk,
587,Nagarro,https://www.nagarro.com/hubfs/Nagarro-March2018-Theme/Insights-Homepage-images/20201207_Nagarro_InitialESGPerformanceAssessement_FINAL.pdf,21.6,Medium ESG Risk,https://www.nagarro.com/hubfs/Nagarro%20SE%20Annual%20Report%202020%20-%20English%20.pdf
588,Naspers Ltd,https://presspage-production-content.s3.amazonaws.com/uploads/2659/naspers2021-integrated-annual-report3.pdf?10000,17.8,Low ESG Risk,
589,NAVER Corp,https://www.corporateregister.com/a10723/163657-21SG-35186255E1381592394E-Gl.pdf,15.6,Low ESG Risk,
590,"Navinfo Co., Ltd.",,19.2,Low ESG Risk,
591,NCC Group,https://www.nccgroupplc.com/media/tbjlt2jc/ncc-group-plc-annual-report-and-accounts-for-the-year-ended-31-may-2021.pdf,24.4,Medium ESG Risk,
592,"nCino OpCo, Inc.",,20,Low ESG Risk,
593,NCsoft Corp,https://static-brand.ncsoft.com/ncsoft/p/_resource/download/whoWeAre/sustainability/NCSOFT_ESG_REPORT_EN.pdf,12.2,Low ESG Risk,
594,Nearmap Ltd,https://www.nearmap.com/content/dam/nearmap/investor-relations/asx-announcements/2021/NEA_2021AnnualReport_FinalWebsite.pdf,24.8,Medium ESG Risk,
595,NEC Networks & System Integration Corp,https://www.nec.com/en/global/csr/pdf/2021_report.pdf,18,Low ESG Risk,
596,Nemetschek,https://www.corporateregister.com/a10723/145646-21Co-40489588C14628829886X-Ge.pdf,23.6,Medium ESG Risk,
597,NeoGames SA,,25.5,Medium ESG Risk,
598,"NEOWIZ Co., Ltd.",,20.2,Medium ESG Risk,
599,Neowiz Holdings Corp.,,30.2,High ESG Risk,
600,Nepa,https://www.nepa.gov.jm/sites/default/files/2020-11/NEPA-Annual-Report-2010-2011-Final.pdf,26.9,Medium ESG Risk,
601,Neptune Co,https://www.corporateregister.com/a10723/145204-21nn-36155796Q39453378840J-Gl.pdf,26.4,Medium ESG Risk,
602,Net One Systems Co Ltd,https://www.corporateregister.com/a10723/160806-21In-35538126B12357619488N-Gl.pdf,21.5,Medium ESG Risk,
603,Netcompany Group,https://www.corporateregister.com/a10723/162732-22SG-34824648V65271805200J-Gl.pdf,17.5,Low ESG Risk,
604,NetDragon Websoft Holdings Ltd,http://file.download.99.com/down/2020_ESG_e.pdf,21.9,Medium ESG Risk,
605,"NetEase, Inc",https://netease.gcs-web.com/index.php/system/files-encrypted/nasdaq_kms/assets/2021/06/30/3-46-47/2020%20ESG%20Report.pdf,15,Low ESG Risk,
606,NetEnt,https://www.corporateregister.com/a10723/126193-20In-28772004K5377840888X-Gl.pdf,14.3,Low ESG Risk,
607,Netmarble Corp.,,18.8,Low ESG Risk,
608,Nets,https://www.corporateregister.com/a10723/152990-21Co-42072250G2693235960P-Eu.pdf,17.1,Low ESG Risk,
609,"NetScout Systems, Inc",https://www.netscout.com/sites/default/files/2021-07/9119-Netscout-ESG-Report-2021-006.pdf,20.6,Medium ESG Risk,
610,Network International Holdings,https://www.annualreports.com/HostedData/AnnualReports/PDF/LSE_NETW.L_2020.pdf,15.9,Low ESG Risk,
611,Neptune Co,https://www.neptuneenergy.com/sites/neptuneenergy-corp/files/investor/reports-and-presentation/2021/neptune-energy-annual-report-2020-03.pdf,26.4,Medium ESG Risk,CX
612,Netcompany Group,https://www.netcompany.com/-/media/Files/ESG/2021/Netcompany-ESG-report-2021.ashx,17.5,Low ESG Risk,
613,NetDragon Websoft Holdings Ltd.,,21.9,Medium ESG Risk,
614,"NetEase, Inc",https://ir.netease.com/system/files-encrypted/nasdaq_kms/assets/2021/06/30/22-26-54/NetEase%202020%20ESG%20Report.pdf,15,Low ESG Risk,
615,Netmarble Corp.,,18.8,Low ESG Risk,
616,Neurones SA,,22.3,Medium ESG Risk,
617,"New Relic, Inc.",,19.3,Low ESG Risk,
618,New Work,https://www.new-work.se/NWSE/CSR/NEW_WORK_SE_CSR_Report_2020.pdf,23.3,Medium ESG Risk,
619,"Newborn Town, Inc.",,24.6,Medium ESG Risk,
620,Newgen Software Technologies Ltd,https://newgensoft.com/wp-content/uploads/2021/06/Business-Responsibility-Report-2020-21.pdf,21.8,Medium ESG Risk,
621,"Newland Digital Technology Co., Ltd.",,26,Medium ESG Risk,
622,Nexi SpA,https://www.nexigroup.com/content/dam/corp/downloads/sustainability/non-financial-statement/2019-NEXI-DNF-EN.pdf,13.1,Low ESG Risk,
623,NEXON Co Ltd,,16.1,Low ESG Risk,
624,NHN Corp,https://www.navercorp.com/navercorp_/ir/sustainabilityReport/NAVER_2020_ESG_ENG.pdf,19.3,Low ESG Risk,Company changed name from navercorp
625,NHN KCP Corp,,27.7,Medium ESG Risk,
626,NICE Ltd,https://www.nice.com/-/media/niceincontact/resources/datasheets/2021/12/esg_report.ashx?la=en&rev=cbae8411f26e46e9a4805c8f7be518fd&hash=90AD6403F26B319ACE02037C0783E7C4,15,Low ESG Risk,
627,"Nihon Unisys, Ltd",https://www.unisys.com/siteassets/collateral/report/report-210426-sustainability.pdf,17.6,Low ESG Risk,
628,NIIT Ltd,,24.3,Medium ESG Risk,
629,Nintendo Co Ltd,https://www.nintendo.co.jp/csr/en/pdf/nintendo_csr2020e.pdf,17.8,Low ESG Risk,
630,NNIT,https://www.nnit.com/media/q45kiuow/nnit_corporate-responsibility-report-incl-cop-2020.pdf,13.3,Low ESG Risk,
631,"Nomura Research Institute, Ltd",https://www.nri.com/-/media/Corporate/en/Files/PDF/sustainability/library/Sustainability_Book2021_e.pdf?la=en&hash=CE51CA7AE845B60CDDCBF6AFBFA92CA664F019B7,14.6,Low ESG Risk,
632,Northern Data,https://ir.northerndata.de/wp-content/uploads/2021/12/2021_12_07_Northern_Data_Annual_Report_2020_english-2.pdf,27.7,Medium ESG Risk,
633,"NortonLifeLock, Inc",https://www.nortonlifelock.com/content/dam/nortonlifelock/pdfs/corporate-responsibility/2020-corporate-responsibility-report-en.pdf,15.2,Low ESG Risk,
634,Novabase SGPS SA,,24.5,Medium ESG Risk,
635,Novotek AB,,22.3,Medium ESG Risk,
636,NS Solutions Corp,,26,Medium ESG Risk,
637,"NSD Co., Ltd.",,24.2,Medium ESG Risk,
638,"NSFOCUS Technologies Group Co., Ltd.",,27.1,Medium ESG Risk,
639,NTT DATA Corp,https://www.nttdata.com/global/en/-/media/nttdataglobal/1_files/sustainability/susatainability-report/2020/sr_2020_cb_p.pdf?la=en,21.5,Medium ESG Risk,
640,"Nuance Communications, Inc",https://www.nuance.com/content/dam/nuance/en_us/collateral/corporate/reports/rpt-nuance-ESG-report-2020-en-us.pdf,17.7,Low ESG Risk,
641,Nuix Ltd,https://investors.nuix.com/FormBuilder/_Resource/_module/8ftPPNYgi0-zS91aI69IJw/file/annualreport/Annual_Report_ASX.pdf,19.5,Low ESG Risk,
642,Nutanix Inc,https://www.nutanix.com/content/dam/nutanix/en/cmn/resources/reports/esg-report-2020.pdf,19.2,Low ESG Risk,
643,Nuvei Corp.,,23.8,Medium ESG Risk,
644,OBIC Business Consultants Co Ltd,,21.2,Medium ESG Risk,
645,"OBIC Co., Ltd.",,21.2,Medium ESG Risk,
646,Objective Corp. Ltd.,,25.3,Medium ESG Risk,
647,Okta Inc,https://www.okta.com/sites/default/files/2022-02/Okta_O4G_SocialImpactReport_2022.pdf,14.9,Low ESG Risk,
648,"Olo, Inc.",,21.4,Medium ESG Risk,
649,"ON24, Inc.",,22,Medium ESG Risk,
650,OneConnect Financial Technology Co. Ltd.,,27.7,Medium ESG Risk,
651,"OneSpan, Inc",https://www.onespan.com/sites/default/files/2021-07/2020-CSR-Highlights.pdf,22.3,Medium ESG Risk,
652,"Open Door, Inc.",,25.1,Medium ESG Risk,
653,Open Lending Corp.,,24.9,Medium ESG Risk,
654,Open Text Corp,https://www.opentext.com/file_source/OpenText/en_US/PDF/opentext-corporate-citizenship-report-fy21-final-en.pdf,15,Low ESG Risk,
655,Opera Ltd.,,24,Medium ESG Risk,
656,Optim Corp,https://www.optim.com/irdocs/n1QUwxEwbWQF.pdf,25.6,Medium ESG Risk,
657,OptimizeRx Corp.,,25.5,Medium ESG Risk,
658,Oracle Corp,https://www.oracle.com/a/ocom/docs/corporate/citizenship/ccr2020-report.pdf,14,Low ESG Risk,
659,Oracle Corp Japan,,18.7,Low ESG Risk,
660,Oracle Financial Services Software Ltd.,,8.8,Negligible ESG Risk,
661,Ordina,https://www.annualreports.com/HostedData/AnnualReports/PDF/ordina-nv_2020.pdf,22,Medium ESG Risk,
662,Origo,https://arsskyrsla2020.origo.is/asset/6782/origo-esg-2020-en-v2.pdf,22.5,Medium ESG Risk,
663,oRo Co Ltd,https://www.orocobre.com/wp/?mdocs-file=8108,23.3,Medium ESG Risk,
664,Otello Corp ASA,,27.1,Medium ESG Risk,
665,OTSUKA CORP,https://www.otsuka.com/en/ir/library/pdf/annual/2020_all_a4.pdf,23.8,Medium ESG Risk,
666,"Outbrain, Inc.",,26.8,Medium ESG Risk,
667,OVH Groupe SAS,,25.4,Medium ESG Risk,
668,OxPay Financial Ltd.,,29.6,Medium ESG Risk,
669,"PagerDuty, Inc.",,18.9,Low ESG Risk,
670,PagSeguro Digital Ltd,https://api.mziq.com/mzfilemanager/v2/d/d1c190f7-52c1-4663-aa9f-0e0141aa5e3c/0febacb0-220b-f535-3750-653482e77108?origin=2,28.4,Medium ESG Risk,
671,"Palantir Technologies, Inc.",,21.8,Medium ESG Risk,
672,Palo Alto Networks Inc,https://www.paloaltonetworks.com/content/dam/pan/en_US/assets/pdf/corporate/panw-fy21-esg-supplement.pdf,14.2,Low ESG Risk,
673,Paradox Interactive,https://www.paradoxinteractive.com/investors/financial-reports/paradox-interactive-ab-publ-publishes-annual-report-for-2020,15.9,Low ESG Risk,
674,Parsons Corp,https://www.parsons.com/wp-content/uploads/2020/04/Parsons_CSR_Report_2020.pdf,20.2,Medium ESG Risk,
675,PatientSky Group AS,,25.9,Medium ESG Risk,
676,"Paychex, Inc",https://www.paychex.com/sites/default/files/2021-10/Paychex-csr-report-final.pdf,17.6,Low ESG Risk,
677,Paycom Software Inc,https://www.paycom.com/media/resources-content/Corporate_Social_Responsibility_Report.pdf,17.7,Low ESG Risk,
678,Paylocity Holding Corp,https://www.paylocity.com/media/gigdg3wn/csr2021_v16.pdf,21.5,Medium ESG Risk,
679,PayPal Holdings Inc,https://s1.q4cdn.com/633035571/files/doc_downloads/PayPal-2020-Global-Impact-Report.pdf,16.4,Low ESG Risk,
680,PChome Online Inc,,28.5,Medium ESG Risk,
681,PearlAbyss Corp.,,18.2,Low ESG Risk,
682,"Pegasystems, Inc.",,20.3,Medium ESG Risk,
683,Penneo,https://penneo.com/wp-content/uploads/2021/10/Penneo-Annual-Report-2020.pdf,24,Medium ESG Risk,
684,"Perfect World Co., Ltd.",,20.7,Medium ESG Risk,
685,"Perficient, Inc.",,27.9,Medium ESG Risk,
686,Persistent Systems Ltd,https://www.persistent.com/wp-content/uploads/2021/06/persistent-annual-report-2021.pdf,20.8,Medium ESG Risk,
687,"Perspecta, Inc.",,22.3,Medium ESG Risk,
688,Pexip Holding,https://www.pexip.com/hubfs/2020%20Sustainability%20Report.pdf,20.1,Medium ESG Risk,
689,"Phreesia, Inc.",,20.7,Medium ESG Risk,
690,Ping Identity Holding Corp.,,24.2,Medium ESG Risk,
691,"Pinterest, Inc.",,24.1,Medium ESG Risk,
692,Piteco SpA,,25.8,Medium ESG Risk,
693,"PKSHA Technology, Inc.",,24.1,Medium ESG Risk,
694,"PLAID, Inc. (Japan)",,27,Medium ESG Risk,
695,Play Magnus AS,,23.8,Medium ESG Risk,
696,"PlayAGS, Inc.",,20.2,Medium ESG Risk,
697,PlayWay SA,,23.6,Medium ESG Risk,
698,Plejd AB,,24.9,Medium ESG Risk,
699,PlusServer GmbH,,18.9,Low ESG Risk,
700,Polygon,https://www.polygongroup.com/annualreview20/pdf/full.a682958.pdf,23.4,Medium ESG Risk,
701,"Porch Group, Inc.",,27.5,Medium ESG Risk,
702,POSCO ICT Co Ltd,http://corporatecitizenship.posco.com/citizen/resources/file/report/eng/posco_report_2020_eng.pdf,25,Medium ESG Risk,
703,"PowerSchool Holdings, Inc.",,23.3,Medium ESG Risk,
704,Prevas AB,,23.6,Medium ESG Risk,
705,"Privia Health Group, Inc.",,23.7,Medium ESG Risk,
706,Proact IT Group,https://www.proact.eu/wp-content/uploads/2021/04/Sustainability-report-2020.pdf,24.3,Medium ESG Risk,
707,"Procore Technologies, Inc",https://www.procore.com/en-sg/sem/demo-construction-management-platform?utm_id=549146057727&utm_campaign=G_Singapore_S_Brand_Beta&utm_source=google&utm_medium=paid-search&utm_term=procore%20technologies&utm_adgroup=procore%20technologies&_bt=549146057727&_bk=procore%20technologies&_bm=p&_bn=g&_bg=130613061729&gclid=CjwKCAjwi6WSBhA-EiwA6Niok-0xks4WYTlgOGJhgJdT3mFllr6LezFVEpKr22pYm5-1MbylfEpxyxoCq3UQAvD_BwE,22.5,Medium ESG Risk,
708,Progress Software Corp,https://investors.progress.com/node/18181/pdf,20,Medium ESG Risk,
709,"Proofpoint, Inc.",,22.8,Medium ESG Risk,
710,"PROS Holdings, Inc",https://s22.q4cdn.com/484503667/files/doc_downloads/CSR/2019/CSR-Report_final_201912v01.pdf,22.7,Medium ESG Risk,
711,Prosus,https://www.prosusreport2020.com/ui/pdfs/prosus2020_annual_report.pdf,17.8,Low ESG Risk,
712,PSI Software AG,https://www.psi.de/fileadmin/files/downloads/PSI_Group/ir/Berichte/Geschaeftsberichte_en/PSI_2020e.pdf,22.9,Medium ESG Risk,
713,PTC Inc,https://www.ptc.com/-/media/Files/PDFs/About/FY19-CSR-Report.pdf,19.4,Low ESG Risk,
714,"PubMatic, Inc.",,29.4,Medium ESG Risk,
715,"Pugnacious Endeavors, Inc.",,29.5,Medium ESG Risk,
716,Pushpay Holdings Ltd,https://www.annualreports.com/HostedData/AnnualReports/PDF/ASX_PPH_2021.pdf,23.4,Medium ESG Risk,
717,"Q2 Holdings, Inc",https://s1.q4cdn.com/185670151/files/doc_downloads/2021/05/Q2-ESG-Report-(May-6-2021).pdf,25.2,Medium ESG Risk,
718,QAD Inc.,,24.6,Medium ESG Risk,
719,QIWI PLC,,24.1,Medium ESG Risk,
720,Qt Group,https://www.corporateregister.com/a10723/161319-22SG-45491958Q16166099628L-Fi.pdf,24.7,Medium ESG Risk,
721,Qualys Inc,https://investor.qualys.com/static-files/c10090a7-2f69-466a-988c-1e3f66ac10f3,21.1,Medium ESG Risk,
722,Quest Holdings,https://www.corporateregister.com/a10723/157847-21Su-44197160V8636598605N-Gl.pdf,21.9,Medium ESG Risk,
723,QuinStreet Inc,,24.8,Medium ESG Risk,
724,Quotient Technology Inc,https://s24.q4cdn.com/386554049/files/doc_downloads/2020/10/Social-Repsonsibility-Report-Final.pdf,26.2,Medium ESG Risk,
725,"Qutoutiao, Inc.",,31.3,High ESG Risk,
726,"Rackspace Technology Global, Inc",https://www.rackspace.com/sites/default/files/white-papers/Rackspace-Technology-ESG-Report-2021-V11.pdf,22,Medium ESG Risk,
727,"Rackspace Technology, Inc.",,22.1,Medium ESG Risk,
728,"Rafael Holdings, Inc.",,29.4,Medium ESG Risk,
729,Rakus Co Ltd,https://www.rakus.co.jp/ir/pdf/sustainability_report_en.pdf,29.5,Medium ESG Risk,
730,"Rakuten Group, Inc",https://global.rakuten.com/corp/sustainability/assets/doc/governance/corp_governance_E_20211215.pdf,22.9,Medium ESG Risk,
731,Rapid7 Inc,,24.3,Medium ESG Risk,
732,"Razer, Inc",https://investor.razer.com/pdf/ar2020.pdf,26,Medium ESG Risk,
733,Readly International,https://corporate.readly.com/files/Main/18245/3314475/readly-annual-and-sustainability-report-2020.pdf,26.6,Medium ESG Risk,
734,"Real Matters, Inc.",,25.3,Medium ESG Risk,
735,Redbubble Ltd,https://shareholders.redbubble.com/site/PDF/75875aca-127b-4bbc-8849-e7057bee714a/AnnualReport2021,16,Low ESG Risk,
736,Remedy Entertainment,https://investors.remedygames.com/app/uploads/2021/03/remedy-entertainment-annual-report-2020.pdf,23.1,Medium ESG Risk,
737,Renalytix,https://investors.renalytixai.com/static-files/a13e2832-3be6-4130-ab55-eb745e6ccc33,26.4,Medium ESG Risk,
738,Renrui Human Resources Technology Holdings Ltd,https://www1.hkexnews.hk/listedco/listconews/sehk/2020/0428/2020042800766.pdf,25.2,Medium ESG Risk,
739,Reply SPA,https://www.corporateregister.com/a10723/146522-21on-32527884O4820720322L-It.pdf,22.2,Medium ESG Risk,
740,ReWorld Media SA,,30.5,High ESG Risk,
741,RIB Software SE,,21.6,Medium ESG Risk,
742,Rightmove,https://plc.rightmove.co.uk/sites/rightmove/files/rightmove/esg/ar-2020-esg.pdf,19.1,Low ESG Risk,
743,"Rimini Street, Inc.",,23.1,Medium ESG Risk,
744,RingCentral Inc,http://netstorage.ringcentral.com/report/csr_report_2020.pdf,19.1,Low ESG Risk,
745,Roblox Corp.,,15.5,Low ESG Risk,
746,Rocket Internet SE,,27.6,Medium ESG Risk,
747,"Rocket Software, Inc.",,24.3,Medium ESG Risk,
748,"Roku, Inc.",,29.8,Medium ESG Risk,
749,Roper Technologies Inc,https://www.ropertech.com/sites/default/files/Roper%20Corporate%20Responsibility%202020%20%28Final%20as%20Issued%29.pdf,22.8,Medium ESG Risk,
750,Rovio Entertainment,https://investors.rovio.com/sites/rovio-ir-v2/files/rovio/corporate-social-responsibility/Rovio_CR%20report%202020.pdf,20.3,Medium ESG Risk,
751,"RSUPPORT Co., Ltd.",,28.8,Medium ESG Risk,
752,"Rush Street Interactive, Inc.",,28.2,Medium ESG Risk,
753,Sabre Corp,https://www.sabre.com/locations/india/wp/wp-content/uploads/STTPL-CSR-Report-2020.pdf,22.7,Medium ESG Risk,
754,"SailPoint Technologies Holdings, Inc.",,23.1,Medium ESG Risk,
755,Salesforce Inc,https://www.salesforce.com/news/wp-content/uploads/sites/3/2020/08/sustainability-FY20-stakeholder-impact-report.pdf,13.2,Low ESG Risk,
756,Salute Mission Critical LLC,,21.1,Medium ESG Risk,
757,Samsung SDS Co Ltd,https://image.samsungsds.com/en/investor/disc/content/__icsFiles/afieldfile/2020/07/28/SamsungSDS_Sustainability_Report_2020_en.pdf,20.1,Medium ESG Risk,
758,"Sangfor Technologies, Inc.",,22.3,Medium ESG Risk,
759,"Sansan, Inc","https://ir.corp-sansan.com/en/ir/library/report/main/00/teaserItems2/00/linkList/0/link/Sansan,%20Inc.%20ANNUAL%20REPORT%202021_for%20browsing_en.pdf",27.5,Medium ESG Risk,
760,SAP,https://www.sap.com/docs/download/investors/2021/sap-2021-integrated-report.pdf,11,Low ESG Risk,
761,Sapiens International Corp,https://www.sapiens.com/wp-content/uploads/2021/07/07_corporate-esg_JUL2021_V08-July202021-2200.pdf,22.1,Medium ESG Risk,
762,SB Technology Corp,https://cdn.softbank.jp/en/corp/set/data/sustainability/pdf/sbkk_sustainability_report_2021_en.pdf?20220203,28,Medium ESG Risk,
763,"Schrodinger, Inc",https://ir.schrodinger.com/static-files/cacf075b-9cb3-4976-872c-3e5e8bb21aaa,24.4,Medium ESG Risk,
764,Scicom (MSC) Bhd,https://scicom-intl.com/wp-content/uploads/2022/02/Scicom-Annual-Report_2020.pdf,22.3,Medium ESG Risk,
765,Science Applications International Corp,https://www.saic.com/sites/default/files/2021-07/2021%20SAIC%20Corporate%20Responsibility%20Report.pdf,21.3,Medium ESG Risk,
766,"Score Media & Gaming, Inc.",,27.2,Medium ESG Risk,
767,Scout Gaming Group AB,,30.2,High ESG Risk,
768,Scout24,https://www.scout24.com/media/scout24/CSR-Berichte/Englisch/Scout24_Sustainability_Report_2020.pdf,17.3,Low ESG Risk,
769,SCSK Corp,https://www.scsk.jp/ir_en/library/report/pdf/scsk/scsk_report2021_e.pdf,17.5,Low ESG Risk,
770,SDL,https://www.corporateregister.com/a10723/143407-20nn-40010553U19903744344K-Gl.pdf,23.5,Medium ESG Risk,
771,Sea Ltd,https://cdn.sea.com/webmain/static/resource/seagroup/Sustainability/Social%20Impact%20reports/Sea%20Sustainability%20Report%202020.pdf,29.2,Medium ESG Risk,
772,Secunet Security Networks AG,,23.9,Medium ESG Risk,
773,SecureWorks Corp.,,22.5,Medium ESG Risk,
774,ServiceNow Inc,https://www.servicenow.com/content/dam/servicenow-assets/public/en-us/doc-type/public-document/servicenow-global-impact-esg-fact-sheet-2021.pdf,15.7,Low ESG Risk,
775,Serviceware SE,,25.9,Medium ESG Risk,
776,Sesa SpA,https://www.sesa.it/wp-content/uploads/2021/07/SESA-AO-26.08.2021-Sustainability-report-at-30-april-2021.pdf,23.8,Medium ESG Risk,
777,"Shanghai 2345 Network Holding Group Co., Ltd.",,30.2,High ESG Risk,
778,"Shanghai Baosight Software Co., Ltd.",,26.1,Medium ESG Risk,
779,"Shanghai Fengyuzhu Culture Technology Co., Ltd.",,28.5,Medium ESG Risk,
780,"Shanghai Friendess Electronic Technology Corp., Ltd.",,27.6,Medium ESG Risk,
781,"Shenzhen Infogem Technologies Co., Ltd.",,30.9,High ESG Risk,
782,"Shenzhen Kingdom Sci-tech Co., Ltd.",,28.7,Medium ESG Risk,
783,Shift Inc,,25.1,Medium ESG Risk,
784,Shoper SA,,28.5,Medium ESG Risk,
785,Shopify Inc,http://www.publicnow.com/view/B198BBB2AE604E7979F4CC40C847997A36CA4F66,23.4,Medium ESG Risk,
786,"ShotSpotter, Inc",https://s3.amazonaws.com/content.stockpr.com/shotspotter/files/pages/shotspotter/db/314/business_description/ShotSpotter_2021_ESG_Report-_Electronic_-_1.pdf,22.8,Medium ESG Risk,
787,Shutterstock Inc,,28.2,Medium ESG Risk,
788,Sidetrade SA,,24.8,Medium ESG Risk,
789,SII,https://www.sii.co.jp/eco/eg/pdf/2019/19all.pdf,24,Medium ESG Risk,
790,Siili Solutions Oyj,,23.2,Medium ESG Risk,
791,Silverlake Axis Ltd,https://www.silverlakeaxis.com/img/pdf/SLAxis_AR2020.pdf,19.1,Low ESG Risk,
792,SimCorp,https://www.simcorp.com/-/media/files/investor/corporate-governance-page/february-2020/csr-statement-and-esg-report-2019.pdf?la=en&hash=AA11E47121C8A118C021C9473B3F504F4512AD56,18.8,Low ESG Risk,
793,Sinch,https://investors.sinch.com/static-files/34c85e86-c75b-4914-a430-013f8d439265,21.3,Medium ESG Risk,
794,SinnerSchrader AG,,28.9,Medium ESG Risk,
795,SixSigma Networks Mexico SA de CV,,26.7,Medium ESG Risk,
796,"Slack Technologies, Inc.",,21,Medium ESG Risk,
797,Sleep Cycle AB,,24.4,Medium ESG Risk,
798,"Smartsheet, Inc.",,18.7,Low ESG Risk,
799,Smile Group SAS,,25.1,Medium ESG Risk,
800,Smith Micro Software Inc.,,25.9,Medium ESG Risk,
801,SMS Co Ltd,https://www.sms-plc.com/media/4839/sms-annual-report-2020.pdf,28.6,Medium ESG Risk,
802,Snap Inc,https://s25.q4cdn.com/442043304/files/doc_downloads/snapReports/2020_CitizenSnap_Report.pdf,23.6,Medium ESG Risk,
803,"Snowflake, Inc.",,19.2,Low ESG Risk,
804,SNP Schneider-Neureither & Partner SE,,24.9,Medium ESG Risk,
805,"So-Young International, Inc.",,29.2,Medium ESG Risk,
806,Soft-World International Corp.ROCO:5478,,17.5,Low ESG Risk,ESG Risk Rating
807,Softcat,https://www.softcat.com/8616/2186/4571/Softcat_Sustainability_Presentation.pdf,21.4,Low ESG Risk,
808,Softronic,https://www.softronic.se/wp-content/uploads/2021/04/sustainability-report-2020_eng.pdf,21.4,Medium ESG Risk,
809,Software,https://investors.softwareag.com/en_en/corporate-governance/esg/non-financial-declaration.html,16.3,Low ESG Risk,
810,SoftwareONE Holding,https://report.softwareone.com/ar21/app/uploads/Annual-Report-2021-en.pdf,16,Low ESG Risk,
811,Sohu.com Ltd.NAS:SOHU,,32.4,High ESG Risk,
812,SolarWinds Corp.NYS:SWI,,29.9,Medium ESG Risk,
813,Solera Holdings Inc.-,,21.2,Medium ESG Risk,
814,"SOLiD, Inc.KRX:050890",,26.4,Medium ESG Risk,
815,Solutions 30,https://www.solutions30.com/wp-content/uploads/2021/03/ESG_Presentation_Web_2021.pdf,18.1,Low ESG Risk,
816,Sonata Software LtdBOM:532221,,22.1,Medium ESG Risk,
817,Sonda S.A.SGO:SONDA,,25.2,Medium ESG Risk,
818,Sopra Steria Group,https://www.soprasteria.com/docs/librariesprovider2/publications-rse/2022-corporate-responsibility-report.pdf?sfvrsn=9ad1c3dc_6,15.1,Low ESG Risk,
819,Sourcenext Corp.TKS:4344,,26.2,Medium ESG Risk,
820,Splunk Inc,https://www.splunk.com/pdfs/environmental-social-and-governance-at-splunk.pdf,17.8,Low ESG Risk,
821,Sportradar AG-,,25.1,Medium ESG Risk,
822,Spotify Technology,https://s22.q4cdn.com/540910603/files/doc_downloads/2021/Spotify_2020-Sustainability-Report_US_Format_FINAL_signature2.pdf,21.2,Medium ESG Risk,
823,"Sprout Social, Inc.NAS:SPT",,26.7,Medium ESG Risk,
824,"SPS Commerce, Inc.NAS:SPSC",,25.3,Medium ESG Risk,
825,Square Enix Holdings Co Ltd,https://www.hd.square-enix.com/eng/ir/library/pdf/ar_2020_07governance.pdf,17.5,Low ESG Risk,
826,"SS&C Technologies Holdings, Inc",https://s22.q4cdn.com/211474323/files/doc_downloads/govdocs/2021/10/SSC-Corporate-ESG-Report-21210521.pdf,22.2,Medium ESG Risk,
827,"Stack Infrastructure, Inc.-",,25.2,Medium ESG Risk,
828,Stamps.com Inc.-,,26.2,Medium ESG Risk,
829,Starbreeze,https://www.starbreeze.com/sbz-media/2021/04/Sustainability-Report-2020-Starbreeze-AB.pdf,20.4,Medium ESG Risk,
830,Stillfront Group,https://www.stillfront.com/en/wp-content/uploads/sites/2/2020/04/sustainability-report-2020-eng.pdf,18.8,Low ESG Risk,
831,StoneCo Ltd.NAS:STNE,,24.5,Medium ESG Risk,
832,"Sumo Logic, Inc",https://investor.sumologic.com/static-files/9e6cd13c-001c-4000-b2ea-476364f364c9,17.5,Low ESG Risk,
833,SundayToz CorpKRX:123420,,26,Medium ESG Risk,
834,Sunevision Holdings Ltd,https://www.sunevision.com/images/esg/ESG-Report-2020-21.pdf,25.9,Medium ESG Risk,
835,Sword Group,https://staging.sword-group.com/wp-content/uploads/2021/12/EN-Sword-Group-Global-Compact-Report-March-2021.pdf,22.7,Medium ESG Risk,
836,"Sykes Enterprises, Inc",https://www.sykes.com/wp-content/uploads/2021/08/2020-SYKES-Sustainability-Report.pdf,21.7,Medium ESG Risk,
837,"Synopsys, Inc",https://www.synopsys.com/content/dam/synopsys/company/company-pdfs/Synopsys-2021-CSR-Report.pdf,14.4,Low ESG Risk,
838,Systena Corp,https://www.bridge-salon.jp/upload/tekiji_pdf/T~~23170~000000~4302~0~20211201~1600~20211201445056G.pdf,22.8,Medium ESG Risk,
839,Systex Corp.TAI:6214,,24.6,Medium ESG Risk,
840,"Take-Two Interactive Software, Inc",https://ir.take2games.com/static-files/d3e6ee76-ffe2-4976-9b7f-6ffdc25870c1,13.8,Low ESG Risk,
841,Tanla Platforms Ltd,https://www.tanla.com/media/images/Annual/Annual-Report-25-2021.pdf,24.8,Medium ESG Risk,
842,TAS Tecnologia Avanzata dei Sistemi SpAMIL:TAS,,22.4,Medium ESG Risk,
843,Tata Consultancy Services Ltd,https://www.tcs.com/content/dam/tcs/investor-relations/financial-statements/2020-21/ar/annual-report-2020-2021.pdf,14.2,Low ESG Risk,
844,Tata Elxsi Ltd.BOM:500408,,19.6,Low ESG Risk,
845,TeamViewer,https://ir.teamviewer.com/download/companies/teamviewer/nonfinancial/TeamViewerNonfinancialReport2020.pdf,12.8,Low ESG Risk,
846,Tech Mahindra Ltd,https://files.techmahindra.com/static/img/pdf/esgdata.pdf,12.7,Low ESG Risk,
847,Techedge,https://www.techedgegroup.com/hubfs/IR-FOLDER/Files/EN/Financial%20Reports/2020/Techedge%20Group_NFD%202020%20EN.pdf?hsCtaTracking=a87a5ff9-a421-4083-8ccd-7b9e2c34864f%7Ca3503dad-d273-4549-9205-5b350be55e68,24,Medium ESG Risk,
848,Techmatrix CorpTKS:3762,,25.4,Medium ESG Risk,
849,Technology One Ltd,https://technologyonecorp.com/__data/assets/pdf_file/0004/142294/TechnologyOne-Sustainability-Report-FY21.pdf,16.1,Low ESG Risk,
850,"TechTarget, Inc.NAS:TTGT",,25.5,Medium ESG Risk,
851,Tecnotree OyjHEL:TEM1V,,25.6,Medium ESG Risk,
852,"Telegram Group, Inc.-",,27.2,Medium ESG Risk,
853,Telos Corp.NAS:TLS,,18.9,Low ESG Risk,
854,Temenos,https://www.temenos.com/wp-content/uploads/2021/03/2020-Annual-Report-7u42lsu22.pdf,11.2,Low ESG Risk,
855,Ten Square Games SAWAR:TEN,,21.8,Medium ESG Risk,
856,"Tenable Holdings, Inc",https://investors.tenable.com/static-files/326d7997-b90d-48de-9105-015ed658e015,26.1,Medium ESG Risk,
857,Tencent Holdings Ltd,https://static.www.tencent.com/uploads/2021/12/31/73146ecfd47f7dd11e7356978b3bf5f0.pdf,22.9,Medium ESG Risk,
858,Tencent Music Entertainment GroupNYS:TME,,28,Medium ESG Risk,
859,Teradata Corp,https://www.teradata.com/About-Us/Environmental-Social-Governance/Teradata-ESG-Report,17.7,Low ESG Risk,
860,Teranet Holdings LP-,,25.3,Medium ESG Risk,
861,Tessi SA-,,22.7,Medium ESG Risk,
862,The Descartes Systems Group IncTSE:DSG,,18.7,Low ESG Risk,
863,The Hackett Group IncNAS:HCKT,,20.4,Medium ESG Risk,
864,The Sage Group,https://www.sage.com/investors/about-us/sustainability/,17.7,Low ESG Risk,
865,"The Trade Desk, Inc.NAS:TTD",,25.5,Medium ESG Risk,
866,The Western Union Co,https://corporate.westernunion.com/wp-content/uploads/2021/06/2020-Western-Union-ESG-Report.pdf,14.2,Low ESG Risk,
867,Thunder Software Technology Co Ltd,https://thunderfulgroup.com/media/kmhbsvxg/thunderful_ar2020_eng.pdf,24.6,Medium ESG Risk,
868,TietoEVRY Corp,https://www.tietoevry.com/contentassets/be742255cf81469f86d6ea22db51d602/tietoevry2021_financial_review.pdf,13.4,Low ESG Risk,
869,"TIS, Inc",https://www.tis.com/documents/en/ir/finance/annual_report/ar2021.pdf,19.3,Low ESG Risk,
870,TKC Corp.TKS:9746,,27,Medium ESG Risk,
871,Tongdao Liepin GroupHKG:6100,,25.6,Medium ESG Risk,
872,"Topicus.com, Inc.TSX:TOI",,23,Medium ESG Risk,
873,Total System Services,https://www.tsys.com/Assets/TSYS/downloads/br_north-america-environmental-impact-2019.pdf,18,Low ESG Risk,
874,Totvs,https://api.mziq.com/mzfilemanager/v2/d/d3be5d49-62e7-4def-a3e1-ab25ff09f153/7c219a63-49e5-69b5-e7fc-43f8357ca6ed?origin=1,19.9,Low ESG Risk,
875,TradeDoubler,https://mb.cision.com/Main/2680/3333836/1407639.pdf,32.8,High ESG Risk,
876,Trainline PlcLON:TRN,,24.6,Medium ESG Risk,
877,"Trans Cosmos, Inc.TKS:9715",,24.5,Medium ESG Risk,
878,TravelSky Technology Ltd,https://media-travelsky.todayir.com/2021052822480121889782595_en.pdf,22.3,Medium ESG Risk,
879,"Trend Micro, Inc",https://www.trendmicro.com/en_sg/about/corporate-social-responsibility.html,18.9,Low ESG Risk,
880,Trip Group Ltd,https://pages.trip.com/images/group-home/TCOM_ESG%20Report_2020.pdf,24.5,Medium ESG Risk,
881,TripAdvisor Inc,https://ir.tripadvisor.com/static-files/fef1a79b-0b14-40b3-ae35-da7ee030aca4,25.8,Medium ESG Risk,
882,trivago N.V.NAS:TRVG,,34.3,High ESG Risk,
883,"TrueCar, Inc.NAS:TRUE",,28.9,Medium ESG Risk,
884,"TTEC Holdings, Inc.NAS:TTEC",,22.6,Medium ESG Risk,
885,Tucows IncNAS:TCX,,28.7,Medium ESG Risk,
886,"Tuya, Inc.NYS:TUYA",,22.7,Medium ESG Risk,
887,Twilio Inc,https://www.twilio.org/impact/2020-report.pdf,23.8,Low ESG Risk,
888,"Twitter, Inc",https://about.twitter.com/content/dam/about-twitter/en/company/global-impact-2020.pdf,19.8,Low ESG Risk,
889,"Tyler Technologies, Inc",https://www.tylertech.com/Portals/0/Tyler-2020-CSR-Report.pdf,19.4,Medium ESG Risk,
890,"Uber Technologies, Inc",https://s23.q4cdn.com/407969754/files/doc_downloads/2021/07/Uber-2021-ESG-Report.pdf,29.3,Medium ESG Risk,
891,Ubisoft Entertainment,https://downloads.ctfassets.net/8aefmxkxpxwl/OrrTmfbfpJKm1yhWSRDtS/fc82e78cc07fb0e1ba385197962610f7/UBI2020_URD_EN_20_06_18_MEL.pdf,13.8,Low ESG Risk,
892,"Udemy, Inc.NAS:UDMY",,14.7,Low ESG Risk,
893,Umanis SAPAR:ALUMS,,23.2,Medium ESG Risk,
894,Unifiedpost Group SABRU:UPG,,28.4,Medium ESG Risk,
895,Unisys Corp,https://www.unifiedpost.com/-/media/files/unifiedpost-group/investorspages/16042021/book-unifiedpost-annual_report-1920x1080-eng-final-2.pdf?rev=-1&hash=8EA2B31D3FF8D88469A5AB5AB5B34C08,22.8,Medium ESG Risk,
896,"Unity Software, Inc.NYS:U",,18.9,Low ESG Risk,
897,Upland Software IncNAS:UPLD,,24,Medium ESG Risk,
898,"Upwork, Inc",https://investors.upwork.com/static-files/f251fbeb-0851-47e9-b295-65c478999999,18.6,Low ESG Risk,
899,USU Software,https://www.usu.com/static/fb296b1326bf9be2b8fd3acdd87ba003/company_report_2020_en.pdf,19.8,Low ESG Risk,
900,"Uzabase, Inc.TKS:3966",,25.1,Medium ESG Risk,
901,"V-cube, Inc.TKS:3681",,29.7,Medium ESG Risk,
902,V2Y Corp Ltd,https://v2y.si/wp-content/uploads/2021/04/V2Y-Sustainability-Report-FY2020-Final.pdf,22.5,Medium ESG Risk,
903,Vakrangee Ltd,https://www.vakrangee.in/pdf/Policies-PDF/ESG%20Reporting%20Standards%20&%20Verification.pdf,7.5,Negligible ESG Risk,
904,Vantage Data Centers Management Co. LLC-,,24.8,Medium ESG Risk,
905,Varonis Systems IncNAS:VRNS,,24.8,Medium ESG Risk,
906,Venustech Group Inc.SHE:002439,,25.3,Medium ESG Risk,
907,Verint Systems Inc,https://www.verint.com/wp-content/uploads/Verint-ESG-Report_2020.pdf,20.1,Medium ESG Risk,
908,"VeriSign, Inc.NAS:VRSN",,21.4,Medium ESG Risk,
909,"Veritone, Inc.NAS:VERI",,29.4,Medium ESG Risk,
910,"Vertex, Inc",https://www.vrtx.com/sites/default/files/CR2020.pdf,23.9,Medium ESG Risk,
911,Vertical Topco II SA-,,24.3,Medium ESG Risk,
912,Vesync Co Ltd,https://files.services/files/592/2021/0709/20210709170002_69691699_en.pdf,25.2,Medium ESG Risk,
913,"Viant Technology, Inc.NAS:DSP",,22.4,Medium ESG Risk,
914,Vincit OyjHEL:VINCIT,,25.2,Medium ESG Risk,
915,VirnetX Holding CorpNYS:VHC,,25.3,Medium ESG Risk,
916,"Visa, Inc",https://usa.visa.com/dam/VCOM/global/about-visa/documents/visa-2020-esg-report.pdf,16.1,Low ESG Risk,
917,Vista Group International Ltd,https://www.vistagroup.co.nz/downloads/VGL_Annual_Report_2020.pdf,22.3,Medium ESG Risk,
918,"Visual China Group Co., Ltd.SHE:000681",,26,Medium ESG Risk,
919,Vitec Software Group,https://www.vitecsoftware.com/globalassets/a-vitec-software-group/investor-relations/reports/vitec_annual_report_2020.pdf,19.8,Low ESG Risk,
920,VK Co Ltd,https://corp.vkcdn.ru/media/files/esg-2020.pdf,31.9,High ESG Risk,
921,VMware Inc,https://www.vmware.com/content/dam/digitalmarketing/vmware/en/pdf/company/vmware-esg-report-2021.pdf,14.3,Low ESG Risk,
922,"VNET Group, Inc",https://21vianetgroupinc.gcs-web.com/static-files/f43a41dc-40c3-48d0-8a52-3302add46c40,32.6,High ESG Risk,
923,Vobile Group Ltd,https://www1.hkexnews.hk/listedco/listconews/sehk/2019/0726/ltn20190726878.pdf,26.2,Medium ESG Risk,
924,Volue,https://volue-assets.fra1.digitaloceanspaces.com/assets/Volue-ESG-report-final.pdf,21.8,Medium ESG Risk,
925,Wallix Group SAPAR:ALLIX,,27.7,Medium ESG Risk,
926,"Wangsu Science & Technology Co., Ltd.SHE:300017",,27.9,Medium ESG Risk,
927,Wavestone SAPAR:WAVE,,19.7,Low ESG Risk,
928,Webjet Ltd,https://cmsmedia.webjetlimited.com/webjetltd-uploads/2021/05/06-Webjet-Sustainability-Report.pdf,24.2,Medium ESG Risk,
929,Webzen Inc.KRX:069080,,16.6,Low ESG Risk,
930,Weibo CorpHKG:9898,,26.9,Medium ESG Risk,
931,"Weimob, Inc.",,23.6,Medium ESG Risk,
932,"Wemade Co., Ltd.KRX:112040",,20.1,Medium ESG Risk,
933,WEX Inc,https://www.wexinc.com/wp-content/uploads/2021/06/WEX-Environmental-Social-and-Governance-Report-June-15-2021.pdf,20.5,Medium ESG Risk,
934,WIIT,https://www.wiit.cloud/wp-content/uploads/2022/03/wiit-sustainability-report-2020-en-web.pdf,14.8,Low ESG Risk,
935,Winning Health Technology Group Co. Ltd.SHE:300253,,26.3,Medium ESG Risk,
936,Wipro Ltd,https://www.wipro.com/content/dam/nexus/en/sustainability/sustainability_reports/wipro-sustainability-report-2019-20.pdf,13.3,Low ESG Risk,
937,Wirecard AGHAM:WDI,,49.8,Severe ESG Risk,
938,Wirtualna Polska Holding SAWAR:WPL,,27.1,Medium ESG Risk,
939,WiseTech Global Ltd,https://www.wisetechglobal.com/media/f43hjegx/wisetech-global-fy21-gri-disclosure-reconciliation.pdf,18.7,Low ESG Risk,
940,Wix Ltd,"https://wix.mediaroom.com/2022-03-16-Wix-Releases-Inaugural-Environmental,-Social-and-Governance-ESG-Report?asPDF=1",21.5,Medium ESG Risk,
941,WNS Holdings Ltd,https://www.wns.com/portals/0/FSx/Documents/WNS-Sustainability-Report-FY-21-Final.pdf,24.1,Medium ESG Risk,
942,Wolters Kluwer,https://assets.contenthub.wolterskluwer.com/api/public/content/e95dced8216a43d08b165d0b82c716e0,18,Low ESG Risk,
943,Workday Inc,https://www.workday.com/content/dam/web/en-us/documents/other/workday-2021-global-impact-report.pdf,13.1,Low ESG Risk,
944,Workiva Inc,https://www.workiva.com/sites/workiva/files/pdfs/workiva_2021_esg_executive_global_impact_summary_0.pdf,18.4,Low ESG Risk,
945,Worldline,https://worldline.com/content/dam/worldline-new/reports-2020/documents/worldline-integrated-report-2020.pdf,10.7,Low ESG Risk,
946,Wuhu Sanqi Interactive Entertainment Network Tech Gp Co Ltd,https://q.stock.sohu.com/newpdf/201935356099.pdf,14.4,Low ESG Risk,
947,"XD, Inc",https://img.xdcdn.net/xdwp/2020/04/2019-ANNUAL-REPORT.pdf,21.8,Medium ESG Risk,
948,Xero Ltd,https://www.xero.com/content/dam/xero/pdf/about-us/xero-limited-annual-report-fy21.pdf,17.8,Low ESG Risk,
949,XMReality ABOME:XMR,,25.1,Medium ESG Risk,
950,XP Inc.NAS:XP,,25.5,Medium ESG Risk,
951,Xplora Technologies ASOSL:XPLRA,,27.5,Medium ESG Risk,
952,Yandex,https://ir-docs.s3.yandex.net/sustainability/2020%20Yandex%20Sustainability%20Report.pdf,23.9,Medium ESG Risk,
953,Yeahka Ltd.HKG:9923,,28,Medium ESG Risk,
954,Yelp Inc,https://s24.q4cdn.com/521204325/files/doc_downloads/2021/11/Yelp-SASB-Report-2021.pdf,22.3,Medium ESG Risk,
955,"Yext, Inc.NYS:YEXT",,29.8,Medium ESG Risk,
956,"Yidu Tech, Inc",https://www.yidutechgroup.com/uploads/20210723/dd5996bd63954e5be3580a5a58e608f7.pdf,28.3,Medium ESG Risk,
957,"Yonyou Network Technology Co., Ltd.SHG:600588",,24.3,Medium ESG Risk,
958,"YOOZOO Interactive Co., Ltd.SHE:002174",,20.5,Medium ESG Risk,
959,Z Holdings Corp.TKS:4689,,23,Medium ESG Risk,
960,Zellis Holdings Ltd.-,,21.5,Medium ESG Risk,
961,"Zendesk, Inc",https://d1eipm3vz40hy0.cloudfront.net/images/AMER/Zendesk_Global_Impact_Report_2020.pdf,16.3,Low ESG Risk,
962,Zensar Technologies Ltd,https://www.zensar.com/sites/default/files/investor/annual/files/Zensar_AR_2020-21.pdf,21,Medium ESG Risk,
963,"Zhejiang Century Huatong Group Co., Ltd.SHE:002602",,16.7,Low ESG Risk,
964,"Zhihu, Inc.NYS:ZH",,32.8,High ESG Risk,
965,"Ziff Davis, Inc",https://s28.q4cdn.com/801973343/files/doc_downloads/Library/Ziff-Davis-2021-ESG-Report.pdf,16.6,Low ESG Risk,
966,Zillow Group Inc,https://wp-tid.zillowstatic.com/zillowgroup/9/2020_ZillowGroup_SustainabilityReport_a-3e741a.pdf,24.2,Medium ESG Risk,
967,Zix Corp,https://zix.com/sites/default/files/2021-06/21_ZIX116%20ESG%20Document_v3.pdf,24.3,Medium ESG Risk,
968,"Zoom Video Communications, Inc.NAS:ZM",,19.1,Low ESG Risk,
969,"ZoomInfo Technologies, Inc",https://ir.zoominfo.com/node/11696/pdf,29.2,Medium ESG Risk,
970,"Zscaler, Inc.NAS:ZS",,18.8,Low ESG Risk,
971,Zuken Inc.TKS:6947,,24.8,Medium ESG Risk,
972,"Zuora, Inc.NYS:ZUO",,22.8,Medium ESG Risk,
973,Zynga Inc.NAS:ZNGA,,14.7,Low ESG Risk,